date,forecast,actual,actual_rounded,bin_low,bin_high,model_prob,outcome,kalshi_match
2025-01-01,79.8,77.5,78,77.0,78.0,0.3606,0,1
2025-01-02,76.6,75.5,76,76.0,77.0,0.2734,0,1
2025-01-03,75.95,75.1,75,75.0,76.0,0.3131,0,1
2025-01-04,70.6,70.4,70,70.0,71.0,0.2734,0,1
2025-01-05,72.45,74.2,74,73.0,74.0,0.1304,0,1
2025-01-06,79.0,80.3,80,80.0,81.0,0.0854,1,1
2025-01-07,72.4,73.0,73,72.0,73.0,0.2485,0,1
2025-01-08,69.9,70.2,70,69.0,70.0,0.3078,0,1
2025-01-09,65.9,66.1,66,65.0,66.0,0.3078,0,1
2025-01-10,70.45,73.7,74,74.0,75.0,0.01,0,1
2025-01-11,74.05,79.8,80,79.0,80.0,0.01,0,1
2025-01-12,74.5,74.2,74,73.0,74.0,0.359,0,1
2025-01-13,76.65,81.0,81,81.0,,0.01,0,1
2025-01-14,73.0,77.4,77,76.0,77.0,0.01,0,1
2025-01-15,73.5,74.5,74,73.0,74.0,0.2611,0,1
2025-01-16,71.9,73.7,74,73.0,74.0,0.0769,1,1
2025-01-17,68.7,71.4,71,71.0,72.0,0.0158,1,1
2025-01-18,80.05,80.2,80,80.0,81.0,0.2035,0,1
2025-01-19,82.55,80.2,80,79.0,80.0,0.3069,0,1
2025-01-20,76.9,73.5,74,73.0,,0.85,0,1
2025-01-21,77.4,77.3,77,77.0,78.0,0.2485,0,1
2025-01-22,72.7,71.8,72,72.0,,0.3495,0,1
2025-01-23,58.8,67.2,67,67.0,68.0,0.01,0,1
2025-01-24,59.55,59.3,59,58.0,59.0,0.3619,1,1
2025-01-25,69.6,68.6,69,68.0,69.0,0.3646,0,1
2025-01-26,72.35,72.4,72,72.0,73.0,0.2422,0,1
2025-01-27,76.4,75.8,76,76.0,77.0,0.2485,0,1
2025-01-28,77.45,76.0,76,76.0,77.0,0.3558,0,1
2025-01-29,78.35,79.1,79,79.0,,0.1284,1,1
2025-01-30,76.7,78.8,79,79.0,80.0,0.0158,1,1
2025-01-31,76.7,79.2,79,78.0,79.0,0.0616,1,1
2025-02-01,81.7,83.1,83,83.0,,0.0642,1,1
2025-02-02,80.15,79.7,80,80.0,81.0,0.2164,0,1
2025-02-03,80.05,78.7,79,79.0,80.0,0.3231,0,1
2025-02-04,80.6,82.9,83,82.0,83.0,0.0548,1,1
2025-02-05,78.9,81.1,81,80.0,,0.0808,1,1
2025-02-06,78.85,81.3,81,80.0,81.0,0.0728,1,1
2025-02-07,80.6,82.8,83,82.0,,0.0569,1,1
2025-02-08,80.25,82.1,82,81.0,82.0,0.1091,1,1
2025-02-09,80.55,82.6,83,83.0,,0.0126,1,1
2025-02-10,80.4,83.1,83,83.0,,0.01,0,1
2025-02-11,79.3,81.1,81,80.0,81.0,0.1142,1,1
2025-02-12,79.4,80.9,81,80.0,81.0,0.1249,0,1
2025-02-13,81.55,83.0,83,82.0,83.0,0.1418,0,1
2025-02-14,82.2,83.3,83,83.0,,0.1109,1,1
2025-02-15,79.55,82.0,82,82.0,83.0,0.0124,1,1
2025-02-16,83.9,85.0,85,85.0,,0.0808,1,1
2025-02-17,79.4,83.2,83,81.0,,0.0442,1,1
2025-02-18,80.8,80.2,80,79.0,80.0,0.373,0,1
2025-02-19,83.15,83.0,83,83.0,84.0,0.2164,1,1
2025-02-20,78.5,80.7,81,80.0,81.0,0.0485,0,1
2025-02-21,72.45,74.8,75,74.0,75.0,0.0456,1,1
2025-02-22,71.7,74.4,74,73.0,74.0,0.0616,0,1
2025-02-23,74.35,75.3,75,74.0,75.0,0.2422,0,1
2025-02-24,73.95,72.6,73,73.0,74.0,0.3131,1,1
2025-02-25,77.55,76.1,76,75.0,76.0,0.3715,0,1
2025-02-26,78.65,76.7,77,76.0,77.0,0.3676,0,1
2025-02-27,79.55,81.0,81,80.0,81.0,0.1418,1,1
2025-02-28,79.55,80.4,80,80.0,,0.1543,1,1
2025-03-01,79.45,83.7,84,84.0,,0.01,0,1
2025-03-02,80.7,83.3,83,82.0,,0.0642,0,1
2025-03-03,76.25,79.6,80,80.0,,0.01,1,1
2025-03-04,76.2,77.5,78,77.0,78.0,0.1041,0,1
2025-03-05,83.1,82.5,82,81.0,82.0,0.3785,0,1
2025-03-06,78.05,76.8,77,76.0,77.0,0.3782,1,1
2025-03-07,74.7,77.0,77,77.0,78.0,0.0158,1,1
2025-03-08,82.2,86.3,86,84.0,,0.0338,1,1
2025-03-09,86.7,88.3,88,87.0,88.0,0.1595,1,1
2025-03-10,87.2,89.5,90,88.0,,0.1109,1,1
2025-03-11,77.25,77.0,77,77.0,78.0,0.2293,0,1
2025-03-12,78.25,80.3,80,80.0,81.0,0.0352,1,1
2025-03-13,77.3,80.0,80,79.0,80.0,0.0376,1,1
2025-03-14,81.05,81.8,82,82.0,83.0,0.0898,1,1
2025-03-15,80.0,81.2,81,80.0,81.0,0.1971,0,1
2025-03-16,83.15,84.5,84,84.0,85.0,0.0992,1,1
2025-03-17,78.65,80.3,80,80.0,81.0,0.0581,0,1
2025-03-18,76.4,77.3,77,76.0,77.0,0.2485,0,1
2025-03-19,78.95,80.8,81,80.0,81.0,0.0811,1,1
2025-03-20,85.2,85.3,85,84.0,85.0,0.3369,1,1
2025-03-21,75.65,77.0,77,76.0,,0.1683,1,1
2025-03-22,75.1,80.3,80,79.0,80.0,0.01,0,1
2025-03-23,76.7,79.9,80,79.0,80.0,0.0158,1,1
2025-03-24,81.4,84.8,85,84.0,85.0,0.01,0,1
2025-03-25,82.5,87.4,87,86.0,,0.01,1,1
2025-03-26,82.35,80.5,80,80.0,81.0,0.3767,0,1
2025-03-27,80.75,80.1,80,80.0,81.0,0.2912,0,1
2025-03-28,78.15,78.4,78,77.0,78.0,0.3325,0,1
2025-03-29,77.55,79.8,80,80.0,81.0,0.0124,1,1
2025-03-30,79.6,80.0,80,80.0,81.0,0.1476,1,1
2025-03-31,83.15,81.8,82,82.0,83.0,0.3325,0,1
2025-04-01,86.85,82.8,83,83.0,84.0,0.2802,0,1
2025-04-02,83.3,82.8,83,82.0,83.0,0.3451,0,1
2025-04-03,83.15,84.2,84,84.0,85.0,0.0992,0,1
2025-04-04,82.6,83.1,83,83.0,84.0,0.1476,0,1
2025-04-05,82.85,84.8,85,85.0,86.0,0.0199,1,1
2025-04-06,82.2,83.6,84,84.0,85.0,0.0329,1,1
2025-04-07,84.75,85.2,85,85.0,86.0,0.1656,1,1
2025-04-08,83.4,83.5,84,84.0,85.0,0.1249,1,1
2025-04-09,79.3,77.5,78,77.0,78.0,0.3775,0,1
2025-04-10,80.45,79.4,79,79.0,80.0,0.3558,0,1
2025-04-11,82.5,81.1,81,81.0,82.0,0.359,0,1
2025-04-12,80.8,82.8,83,83.0,84.0,0.0184,0,1
2025-04-13,79.55,82.9,83,82.0,83.0,0.0124,0,1
2025-04-14,80.05,81.1,81,81.0,82.0,0.0898,1,1
2025-04-15,83.75,85.5,86,85.0,86.0,0.0652,1,1
2025-04-16,84.1,88.1,88,87.0,,0.01,0,1
2025-04-17,81.7,83.4,83,82.0,83.0,0.1595,1,1
2025-04-18,80.4,82.6,83,83.0,84.0,0.01,1,1
2025-04-19,80.4,82.9,83,82.0,83.0,0.0428,1,1
2025-04-20,81.85,84.7,85,85.0,86.0,0.01,0,1
2025-04-21,80.9,83.2,83,82.0,83.0,0.0769,1,1
2025-04-22,80.6,83.1,83,82.0,83.0,0.0548,1,1
2025-04-23,82.1,85.3,85,85.0,86.0,0.01,0,1
2025-04-24,82.05,84.7,85,85.0,86.0,0.01,0,1
2025-04-25,81.7,82.9,83,82.0,83.0,0.1595,0,1
2025-04-26,82.5,85.3,85,85.0,86.0,0.0114,1,1
2025-04-27,83.5,85.2,85,84.0,85.0,0.136,1,1
2025-04-28,83.1,85.2,85,84.0,85.0,0.0945,1,1
2025-04-29,81.3,82.3,82,82.0,83.0,0.1142,0,1
2025-04-30,81.05,83.1,83,82.0,83.0,0.0898,1,1
2025-05-01,81.9,83.6,84,84.0,85.0,0.0214,1,1
2025-05-02,83.0,85.6,86,86.0,,0.01,0,1
2025-05-03,81.85,83.8,84,84.0,85.0,0.0199,0,1
2025-05-04,83.85,83.7,84,83.0,84.0,0.3024,1,1
2025-05-05,84.7,85.0,85,84.0,85.0,0.2854,0,1
2025-05-06,85.15,84.8,85,84.0,85.0,0.3325,0,1
2025-05-07,84.35,85.0,85,84.0,85.0,0.2422,0,1
2025-05-08,84.9,88.1,88,87.0,88.0,0.0214,0,1
2025-05-09,84.65,87.0,87,86.0,87.0,0.0581,1,1
2025-05-10,85.25,87.8,88,88.0,89.0,0.01,1,1
2025-05-11,84.35,88.0,88,88.0,89.0,0.01,0,1
2025-05-12,81.3,82.2,82,81.0,82.0,0.2358,0,1
2025-05-13,87.0,83.6,84,84.0,85.0,0.3489,0,1
2025-05-14,88.4,87.3,87,87.0,88.0,0.3525,0,1
2025-05-15,87.8,86.4,86,86.0,87.0,0.373,0,1
2025-05-16,88.45,86.8,87,86.0,87.0,0.3745,0,1
2025-05-17,88.9,90.9,91,91.0,92.0,0.0214,1,1
2025-05-18,88.75,90.1,90,90.0,91.0,0.0652,0,1
2025-05-19,88.9,92.1,92,91.0,92.0,0.0214,0,1
2025-05-20,88.45,92.6,93,93.0,,0.01,0,1
2025-05-21,91.5,95.4,95,95.0,,0.01,0,1
2025-05-22,92.15,94.8,95,94.0,95.0,0.0307,1,1
2025-05-23,90.05,89.4,89,88.0,89.0,0.3782,0,1
2025-05-24,89.75,87.7,88,88.0,89.0,0.3712,0,1
2025-05-25,88.8,88.6,89,88.0,89.0,0.2968,0,1
2025-05-26,88.95,90.4,90,90.0,91.0,0.0811,1,1
2025-05-27,88.3,89.7,90,89.0,90.0,0.1142,1,1
2025-05-28,89.3,90.6,91,91.0,92.0,0.0376,0,1
2025-05-29,89.05,91.7,92,91.0,92.0,0.0267,0,1
2025-05-30,90.8,93.1,93,92.0,93.0,0.0689,1,1
2025-05-31,91.8,90.8,91,91.0,92.0,0.2968,1,1
2025-06-01,87.55,86.5,86,85.0,86.0,0.3715,1,1
2025-06-02,88.6,85.3,85,84.0,85.0,0.2109,0,1
2025-06-03,77.65,77.8,78,78.0,79.0,0.1535,1,1
2025-06-04,84.9,83.1,83,83.0,84.0,0.3758,0,1
2025-06-05,84.15,84.6,85,85.0,86.0,0.0992,1,1
2025-06-06,87.5,86.4,86,86.0,87.0,0.359,0,1
2025-06-07,89.45,86.7,87,87.0,88.0,0.3745,0,1
2025-06-08,89.65,87.8,88,87.0,88.0,0.3676,0,1
2025-06-09,88.95,88.9,89,89.0,90.0,0.1907,1,1
2025-06-10,89.05,85.8,86,86.0,87.0,0.3456,0,1
2025-06-11,87.7,85.3,85,85.0,86.0,0.3655,0,1
2025-06-12,87.0,88.5,88,88.0,89.0,0.0854,0,1
2025-06-13,87.85,87.9,88,87.0,88.0,0.3024,0,1
2025-06-14,88.05,88.5,88,87.0,88.0,0.3231,0,1
2025-06-15,88.35,89.0,89,89.0,90.0,0.1195,1,1
2025-06-16,88.6,88.9,89,89.0,90.0,0.1476,1,1
2025-06-17,88.4,89.3,89,88.0,89.0,0.2485,0,1
2025-06-18,88.1,88.0,88,87.0,88.0,0.3279,0,1
2025-06-19,88.7,88.6,89,88.0,89.0,0.2854,0,1
2025-06-20,90.0,88.4,88,87.0,88.0,0.3489,0,1
2025-06-21,88.8,88.2,88,87.0,88.0,0.373,0,1
2025-06-22,87.6,88.2,88,87.0,88.0,0.2734,0,1
2025-06-23,88.25,88.2,88,87.0,88.0,0.3411,0,1
2025-06-24,88.2,86.9,87,87.0,88.0,0.3369,0,1
2025-06-25,87.2,83.7,84,,84.0,0.3649,0,1
2025-06-26,87.4,83.2,83,,83.0,0.1934,0,1
2025-06-27,88.7,84.5,84,,85.0,0.285,0,1
2025-06-28,88.5,87.8,88,87.0,88.0,0.359,0,1
2025-06-29,89.3,85.6,86,86.0,87.0,0.3275,0,1
2025-06-30,88.95,85.0,85,84.0,85.0,0.1803,0,1
2025-07-01,87.35,84.7,85,84.0,85.0,0.3235,0,1
2025-07-02,88.0,86.4,86,86.0,87.0,0.3776,0,1
2025-07-03,87.35,86.2,86,85.0,86.0,0.3767,0,1
2025-07-04,85.6,83.8,84,83.0,84.0,0.3696,0,1
2025-07-05,88.75,85.4,85,85.0,86.0,0.2893,0,1
2025-07-06,88.0,86.2,86,86.0,87.0,0.3776,0,1
2025-07-07,91.15,89.4,89,89.0,90.0,0.3786,0,1
2025-07-08,91.7,89.2,89,89.0,90.0,0.3655,0,1
2025-07-09,91.05,89.0,89,89.0,90.0,0.3782,0,1
2025-07-10,90.25,85.8,86,86.0,87.0,0.2431,0,1
2025-07-11,89.3,87.4,87,87.0,88.0,0.3775,0,1
2025-07-12,90.7,89.8,90,89.0,90.0,0.3693,0,1
2025-07-13,90.5,89.0,89,89.0,90.0,0.359,0,1
2025-07-14,90.45,87.3,87,87.0,88.0,0.3154,0,1
2025-07-15,86.55,84.5,84,84.0,85.0,0.3715,0,1
2025-07-16,87.8,85.6,86,85.0,86.0,0.3606,0,1
2025-07-17,88.4,86.4,86,85.0,86.0,0.3195,0,1
2025-07-18,91.0,88.3,88,88.0,89.0,0.3489,0,1
2025-07-19,91.05,89.1,89,88.0,89.0,0.3456,0,1
2025-07-20,92.0,90.9,91,90.0,91.0,0.3776,0,1
2025-07-21,92.55,91.3,91,90.0,91.0,0.3715,0,1
2025-07-22,92.45,91.8,92,91.0,92.0,0.3558,0,1
2025-07-23,87.75,86.4,86,85.0,86.0,0.3631,0,1
2025-07-24,89.85,86.9,87,87.0,88.0,0.3579,0,1
2025-07-25,89.8,88.8,89,88.0,89.0,0.373,0,1
2025-07-26,90.9,91.1,91,90.0,91.0,0.3078,1,1
2025-07-27,91.1,93.1,93,93.0,94.0,0.0286,0,1
2025-07-28,92.1,93.7,94,93.0,94.0,0.0945,1,1
2025-07-29,90.9,93.1,93,93.0,94.0,0.0214,0,1
2025-07-30,92.2,93.6,94,93.0,94.0,0.1041,0,1
2025-07-31,93.9,95.0,95,94.0,95.0,0.1844,1,1
2025-08-01,92.4,94.4,94,94.0,95.0,0.0428,0,1
2025-08-02,93.2,94.7,95,94.0,95.0,0.1041,1,1
2025-08-03,92.65,94.0,94,93.0,94.0,0.1535,1,1
2025-08-04,91.7,92.1,92,91.0,92.0,0.2854,1,1
2025-08-05,93.0,93.5,94,94.0,95.0,0.0854,0,1
2025-08-06,92.75,91.8,92,92.0,93.0,0.2912,1,1
2025-08-07,88.75,84.7,85,85.0,86.0,0.2893,0,1
2025-08-08,87.3,85.6,86,86.0,87.0,0.3451,0,1
2025-08-09,84.4,83.7,84,,84.0,0.85,1,1
2025-08-10,87.15,85.8,86,86.0,87.0,0.3325,0,1
2025-08-11,88.3,88.0,88,87.0,88.0,0.3451,0,1
2025-08-12,89.05,88.9,89,89.0,90.0,0.2035,0,1
2025-08-13,90.95,90.3,90,89.0,90.0,0.3768,0,1
2025-08-14,90.6,91.6,92,91.0,92.0,0.1476,1,1
2025-08-15,91.25,91.7,92,91.0,92.0,0.2293,0,1
2025-08-16,91.3,92.2,92,91.0,92.0,0.2358,0,1
2025-08-17,90.6,92.7,93,92.0,93.0,0.0548,1,1
2025-08-18,93.6,92.9,93,93.0,94.0,0.2734,1,1
2025-08-19,93.5,94.3,94,93.0,94.0,0.2611,0,1
2025-08-20,95.8,93.4,93,93.0,94.0,0.3606,0,1
2025-08-21,92.5,91.6,92,92.0,93.0,0.2611,1,1
2025-08-22,93.55,92.9,93,93.0,94.0,0.2673,0,1
2025-08-23,91.5,87.7,88,,88.0,0.3156,0,1
2025-08-24,92.85,90.1,90,90.0,91.0,0.3579,0,1
2025-08-25,93.2,89.7,90,89.0,90.0,0.2478,0,1
2025-08-26,93.15,90.6,91,90.0,91.0,0.3387,0,1
2025-08-27,92.85,91.2,91,90.0,91.0,0.3579,0,1
2025-08-28,91.85,90.9,91,91.0,92.0,0.3024,1,1
2025-08-29,92.25,92.1,92,92.0,93.0,0.2293,1,1
2025-08-30,91.05,90.6,91,90.0,91.0,0.3231,0,1
2025-08-31,92.6,89.0,89,88.0,89.0,0.2109,0,1
2025-09-01,92.1,88.6,89,88.0,89.0,0.2571,0,1
2025-09-02,93.55,90.3,90,90.0,91.0,0.3069,0,1
2025-09-03,92.15,86.3,86,85.0,86.0,0.0489,0,1
2025-09-04,87.25,86.3,86,86.0,87.0,0.3411,0,1
2025-09-05,88.45,84.9,85,85.0,86.0,0.3154,0,1
2025-09-06,86.05,84.4,84,83.0,84.0,0.3456,0,1
2025-09-07,89.95,86.5,86,85.0,86.0,0.1803,0,1
2025-09-08,89.9,88.5,88,87.0,88.0,0.355,0,1
2025-09-09,87.65,86.8,87,87.0,88.0,0.2794,0,1
2025-09-10,88.6,87.3,87,86.0,87.0,0.3696,0,1
2025-09-11,89.95,88.0,88,87.0,88.0,0.352,0,1
2025-09-12,86.25,86.6,87,86.0,87.0,0.2293,0,1
2025-09-13,86.6,85.0,85,84.0,85.0,0.3696,0,1
2025-09-14,88.9,86.6,87,86.0,87.0,0.355,0,1
2025-09-15,87.65,86.4,86,86.0,87.0,0.367,0,1
2025-09-16,89.25,87.8,88,88.0,89.0,0.3411,0,1
2025-09-17,84.45,81.8,82,,82.0,0.5031,0,1
2025-09-18,82.15,83.4,83,83.0,84.0,0.0992,0,1
2025-09-19,88.85,86.4,86,86.0,87.0,0.3579,0,1
2025-09-20,86.7,86.9,87,87.0,88.0,0.1595,0,1
2025-09-21,85.6,85.6,86,86.0,87.0,0.1476,1,1
2025-09-22,88.45,87.3,87,86.0,87.0,0.3745,0,1
2025-09-23,88.1,87.0,87,87.0,88.0,0.3279,1,1
2025-09-24,88.1,86.4,86,85.0,86.0,0.3422,0,1
2025-09-25,89.05,87.4,87,87.0,88.0,0.3782,0,1
2025-09-26,89.25,87.6,88,87.0,88.0,0.3781,0,1
2025-09-27,89.65,86.2,86,85.0,86.0,0.2064,0,1
2025-09-28,85.35,85.2,85,84.0,85.0,0.3489,0,1
2025-09-29,89.2,86.3,86,86.0,87.0,0.3351,0,1
2025-09-30,90.5,88.6,89,89.0,90.0,0.359,0,1
2025-10-01,89.6,88.9,89,89.0,90.0,0.2734,0,1
2025-10-02,87.5,86.7,87,86.0,87.0,0.359,0,1
2025-10-03,85.15,84.4,84,83.0,84.0,0.3786,0,1
2025-10-04,85.9,85.7,86,86.0,87.0,0.1844,0,1
2025-10-05,86.45,86.0,86,86.0,87.0,0.2549,0,1
2025-10-06,86.55,82.9,83,83.0,84.0,0.3069,0,1
2025-10-07,87.3,85.8,86,86.0,87.0,0.3451,0,1
2025-10-08,84.9,84.1,84,83.0,84.0,0.3758,0,1
2025-10-09,87.3,83.8,84,83.0,84.0,0.2385,0,1
2025-10-10,80.5,80.0,80,80.0,81.0,0.2611,1,1
2025-10-11,83.75,84.0,84,84.0,85.0,0.1656,0,1
2025-10-12,83.65,83.8,84,83.0,84.0,0.2794,0,1
2025-10-13,85.55,84.8,85,84.0,85.0,0.3619,0,1
2025-10-14,84.3,83.9,84,84.0,85.0,0.2358,0,1
2025-10-15,84.45,84.0,84,83.0,84.0,0.3558,0,1
2025-10-16,84.4,82.7,83,82.0,83.0,0.3757,0,1
2025-10-17,81.75,82.1,82,82.0,83.0,0.1656,0,1
2025-10-18,82.0,83.1,83,82.0,83.0,0.1971,0,1
2025-10-19,84.5,84.8,85,85.0,86.0,0.136,1,1
2025-10-20,87.1,85.1,85,84.0,85.0,0.3422,0,1
2025-10-21,87.55,85.5,86,86.0,87.0,0.3619,1,1
2025-10-22,87.55,85.9,86,86.0,87.0,0.3619,0,1
2025-10-23,85.85,86.3,86,86.0,87.0,0.1781,0,1
2025-10-24,84.85,86.4,86,85.0,86.0,0.1781,0,1
2025-10-25,83.55,82.9,83,82.0,83.0,0.3619,0,1
2025-10-26,84.25,83.1,83,82.0,83.0,0.3781,0,1
2025-10-27,86.45,85.3,85,84.0,85.0,0.3745,0,1
2025-10-28,86.3,85.1,85,84.0,85.0,0.3775,0,1
2025-10-29,84.05,83.8,84,84.0,85.0,0.2035,0,1
2025-10-30,79.6,77.9,78,78.0,79.0,0.3646,1,1
2025-10-31,75.8,77.0,77,76.0,77.0,0.1718,1,1
2025-11-01,79.7,78.3,78,78.0,79.0,0.3693,0,1
2025-11-02,82.3,82.6,83,82.0,83.0,0.2358,0,1
2025-11-03,84.3,83.4,83,83.0,84.0,0.3451,0,1
2025-11-04,79.25,79.1,79,79.0,80.0,0.2293,0,1
2025-11-05,80.2,82.9,83,83.0,84.0,0.01,1,1
2025-11-06,81.85,81.8,82,81.0,82.0,0.3024,0,1
2025-11-07,85.7,84.9,85,84.0,85.0,0.3693,0,1
2025-11-08,85.5,85.0,85,84.0,85.0,0.359,0,1
2025-11-09,85.7,85.1,85,84.0,85.0,0.3693,0,1
2025-11-10,82.4,81.5,82,81.0,82.0,0.3525,0,1
2025-11-11,67.25,66.7,67,67.0,68.0,0.2293,1,1
2025-11-12,73.7,74.1,74,73.0,74.0,0.2854,0,1
2025-11-13,75.45,75.9,76,75.0,76.0,0.2549,0,1
2025-11-14,78.55,78.4,78,78.0,79.0,0.2673,0,1
2025-11-15,79.35,79.3,79,78.0,79.0,0.3489,0,1
2025-11-16,81.6,80.4,80,80.0,81.0,0.3646,0,1
2025-11-17,80.5,80.3,80,80.0,81.0,0.2611,0,1
2025-11-18,81.0,81.8,82,81.0,82.0,0.1971,0,1
2025-11-19,82.1,83.4,83,82.0,83.0,0.21,0,1
2025-11-20,81.3,82.1,82,81.0,82.0,0.2358,0,1
2025-11-21,81.65,82.1,82,81.0,82.0,0.2794,0,1
2025-11-22,81.45,82.7,83,83.0,84.0,0.0456,1,1
2025-11-23,82.65,84.5,84,83.0,84.0,0.1535,0,1
2025-11-24,81.65,82.1,82,82.0,83.0,0.1535,0,1
2025-11-25,81.1,81.5,82,81.0,82.0,0.21,0,1
2025-11-26,81.4,83.4,83,82.0,83.0,0.1249,0,1
2025-11-27,82.7,81.9,82,82.0,83.0,0.2854,0,1
2025-11-28,74.65,72.4,72,71.0,72.0,0.2982,0,1
2025-11-29,75.25,76.5,76,75.0,76.0,0.2293,0,1
2025-11-30,78.2,76.6,77,,77.0,0.7434,0,1
2025-12-01,81.1,81.1,81,80.0,81.0,0.3279,0,1
2025-12-02,84.7,83.3,83,82.0,83.0,0.3655,0,1
2025-12-03,80.85,80.5,80,79.0,80.0,0.3745,0,1
2025-12-04,80.15,80.1,80,80.0,81.0,0.2164,0,1
2025-12-05,81.6,82.8,83,83.0,84.0,0.0548,1,1
2025-12-06,82.55,83.9,84,84.0,85.0,0.0516,1,1
2025-12-07,82.6,81.9,82,82.0,83.0,0.2734,0,1
2025-12-08,85.4,84.2,84,83.0,84.0,0.3757,0,1
2025-12-09,76.45,73.9,74,74.0,75.0,0.3745,1,1
2025-12-10,81.85,79.3,79,78.0,79.0,0.2802,0,1
2025-12-11,76.9,73.2,73,73.0,74.0,0.2756,0,1
2025-12-12,76.35,75.9,76,76.0,77.0,0.2422,0,1
2025-12-13,77.95,79.3,79,79.0,80.0,0.0811,1,1
2025-12-14,81.75,80.6,81,81.0,82.0,0.2912,1,1
2025-12-15,74.65,73.0,73,73.0,74.0,0.367,1,1
2025-12-16,73.85,73.9,74,74.0,75.0,0.1781,0,1
2025-12-17,76.6,76.4,76,75.0,76.0,0.3646,0,1
2025-12-18,79.7,80.4,80,80.0,81.0,0.1595,0,1
2025-12-19,85.15,83.8,84,83.0,84.0,0.3786,0,1
2025-12-20,82.0,81.2,81,80.0,81.0,0.3776,0,1
2025-12-21,80.65,80.6,81,80.0,81.0,0.2794,0,1
2025-12-22,77.95,78.9,79,78.0,79.0,0.1907,0,1
2025-12-23,77.7,78.2,78,78.0,79.0,0.1595,0,1
2025-12-24,77.6,77.7,78,78.0,79.0,0.1476,1,1
2025-12-25,79.45,79.7,80,79.0,80.0,0.2549,0,1
2025-12-26,79.6,79.7,80,80.0,81.0,0.1476,1,1
2025-12-27,79.3,79.6,80,80.0,81.0,0.1142,1,1
2025-12-28,79.4,80.3,80,80.0,81.0,0.1249,0,1
2025-12-29,81.2,81.2,81,81.0,82.0,0.2229,1,1
2025-12-30,74.6,73.4,73,73.0,74.0,0.3646,0,1
2025-12-31,63.05,63.2,63,,63.0,0.85,0,1
2026-01-01,66.0,66.6,67,67.0,68.0,0.0854,1,1
2026-01-02,69.95,70.5,70,69.0,70.0,0.3131,0,1
2026-01-03,75.05,76.8,77,76.0,77.0,0.0898,0,1
2026-01-04,79.0,78.2,78,78.0,79.0,0.3182,0,1
2026-01-05,78.4,79.1,79,79.0,80.0,0.1249,1,1
2026-01-06,78.2,77.1,77,77.0,78.0,0.3369,0,1
2026-01-07,79.15,78.8,79,78.0,79.0,0.3325,0,1
2026-01-08,79.7,80.8,81,81.0,82.0,0.0616,0,1
2026-01-09,79.3,79.4,79,78.0,79.0,0.3451,0,1
2026-01-10,78.85,79.7,80,79.0,80.0,0.1781,0,1
2026-01-11,81.95,83.0,83,83.0,84.0,0.0811,1,1
2026-01-12,75.9,75.9,76,76.0,77.0,0.1844,1,1
2026-01-13,72.5,74.2,74,,74.0,0.85,1,1
2026-01-14,76.6,78.3,78,77.0,78.0,0.1476,0,1
2026-01-15,72.2,72.0,72,,72.0,0.85,1,1
2026-01-16,66.2,65.8,66,65.0,66.0,0.3369,0,1
2026-01-17,75.85,75.9,76,76.0,77.0,0.1781,0,1
2026-01-18,79.25,79.9,80,80.0,81.0,0.1091,0,1
2026-01-19,66.85,66.2,66,66.0,67.0,0.3024,0,1
2026-01-20,72.65,72.9,73,73.0,74.0,0.1535,1,1
2026-01-21,70.0,71.2,71,,71.0,0.85,1,1
2026-01-22,75.5,74.2,74,,75.0,0.85,0,1
2026-01-23,79.4,78.7,79,79.0,80.0,0.2485,0,1
2026-01-24,79.1,78.4,78,77.0,78.0,0.3785,0,1
2026-01-25,79.45,78.5,78,78.0,79.0,0.3558,0,1
2026-01-26,85.9,84.5,84,83.0,84.0,0.355,0,1
2026-01-27,77.25,75.7,76,74.0,,0.789,0,1
2026-01-28,63.9,62.6,63,,65.0,0.85,1,1
2026-01-29,70.15,69.8,70,70.0,71.0,0.2164,0,1
2026-01-30,66.55,65.0,65,,66.0,0.8457,0,1
