date,actual_temp,last_price,volume
202-01-,52.5,99,3054
2021-08-19,81.0,99,6575
2021-08-20,83.0,98,3388
2021-08-21,85.0,99,2554
2021-08-22,76.0,99,1473
2021-08-24,90.0,98,12781
2021-08-25,90.0,98,17647
2021-08-26,89.0,99,21974
2021-08-27,91.0,99,9233
2021-08-28,92.0,99,6482
2021-08-30,83.0,99,8234
2021-09-04,74.0,99,20201
2021-09-05,80.0,99,5086
2021-09-06,78.0,99,5287
2021-09-07,87.0,99,5774
2021-09-08,79.0,99,2285
2021-09-09,73.0,99,5858
2021-09-10,80.0,99,8172
2021-09-11,87.0,99,8798
2021-09-12,88.0,99,9659
2021-09-13,84.0,99,12749
2021-09-14,87.0,99,10631
2021-09-15,78.0,99,13680
2021-09-16,82.0,99,370
2021-09-17,88.0,99,3460
2021-09-18,77.0,99,1117
2021-09-19,88.0,95,521
2021-09-21,72.0,99,8624
2021-09-23,64.0,99,3322
2021-09-24,78.0,99,9349
2021-09-25,70.0,99,14791
2021-09-26,79.0,99,7588
2021-09-27,85.0,99,12515
2021-10-01,84.0,99,3507
2021-10-02,80.0,99,10724
2021-10-03,73.0,99,5805
2021-10-04,70.0,99,3664
2021-10-07,72.0,99,2882
2021-10-08,75.0,99,5196
2021-10-09,79.0,99,1629
2021-10-13,73.0,99,5490
2021-10-14,68.0,99,2483
2021-10-15,63.0,99,2995
2021-10-16,59.0,99,1055
2021-10-18,70.0,99,1210
2021-10-19,72.0,99,2433
2021-10-21,59.0,98,12816
2021-10-28,54.0,99,6407
2021-10-30,56.0,99,11978
2021-10-31,53.0,99,2807
2021-11-01,48.0,99,8324
2021-11-02,47.0,95,2493
2021-11-06,59.0,99,1251
2021-11-07,64.0,99,2115
2021-11-08,65.0,99,10699
2021-11-09,56.0,99,925
2021-11-11,56.0,98,5106
2021-11-12,42.0,99,4125
2021-11-13,40.0,99,4100
2021-11-16,54.0,90,1402
2021-11-17,61.0,99,5177
2021-11-18,40.0,99,9388
2021-11-19,38.0,99,1508
2021-11-20,49.0,99,966
2021-11-21,53.0,99,1950
2021-11-22,35.0,99,1369
2021-11-23,42.0,99,3622
2021-11-24,52.0,99,3400
2021-11-25,44.0,99,6496
2021-11-28,38.0,99,2280
2021-11-30,46.0,97,642
2021-12-02,58.0,99,10844
2021-12-03,49.0,97,1215
2021-12-04,45.0,99,4714
2021-12-06,33.0,99,340
2021-12-08,35.0,99,2539
2021-12-09,43.0,99,4625
2021-12-10,51.0,99,8955
2021-12-11,45.0,98,1100
2021-12-12,49.0,99,4214
2021-12-13,48.0,99,2429
2021-12-14,54.0,99,9273
2021-12-15,65.0,99,5142
2021-12-16,62.0,99,11816
2021-12-17,40.0,99,2391
2021-12-18,41.0,99,3393
2021-12-19,38.0,99,5653
2021-12-20,43.0,91,1685
2021-12-21,43.0,99,4260
2021-12-22,31.0,99,3494
2021-12-23,46.0,99,2410
2021-12-24,56.0,99,3195
2021-12-25,53.0,99,2093
2021-12-29,35.0,95,925
2021-12-30,38.0,99,3628
2022-01-01,37.0,99,2861
2022-01-02,29.0,92,1141
2022-01-04,23.0,0,0
2022-01-05,33.0,97,2302
2022-01-08,35.0,93,5740
2022-01-09,34.0,99,2634
2022-01-10,16.0,99,1618
2022-01-11,34.0,99,1665
2022-01-12,40.0,89,3834
2022-01-13,37.0,46,1472
2022-01-14,34.0,99,1999
2022-01-15,26.0,99,5874
2022-01-18,43.0,99,3985
2022-01-19,39.0,99,2339
2022-01-20,21.0,99,5061
2022-01-22,32.0,99,9743
2022-01-23,24.0,99,5516
2022-01-25,12.0,95,2563
2022-01-26,13.0,96,4365
2022-01-27,32.0,99,3270
2022-01-28,22.0,99,2008
2022-01-29,21.0,99,2027
2022-01-30,31.0,99,1771
2022-01-31,33.0,99,1100
2022-02-01,43.0,99,1687
2022-02-02,31.0,99,1606
2022-02-03,25.0,99,1927
2022-02-04,25.0,99,1552
2022-02-05,18.0,99,1832
2022-02-06,32.0,99,1971
2022-02-07,29.0,99,1979
2022-02-08,40.0,99,18642
2022-02-09,40.0,99,2461
2022-02-10,33.0,99,1944
2022-02-11,43.0,99,3914
2022-02-12,26.0,99,2086
2022-02-13,20.0,99,8438
2022-02-15,42.0,99,2640
2022-02-16,52.0,99,2286
2022-02-20,47.0,99,3958
2022-02-21,48.0,99,718
2022-02-22,49.0,99,1091
2022-02-23,25.0,99,2256
2022-02-24,28.0,98,1656
2022-02-25,29.0,90,922
2022-02-27,40.0,99,2141
2022-02-28,49.0,99,1591
2022-03-01,51.0,98,4636
2022-03-02,54.0,99,1634
2022-03-03,35.0,95,1703
2022-03-05,69.0,93,1622
2022-03-06,60.0,99,1646
2022-03-09,42.0,99,1034
2022-03-10,32.0,99,7255
2022-03-13,51.0,95,1085
2022-03-14,60.0,98,1746
2022-03-16,70.0,99,4507
2022-03-17,68.0,99,909
2022-03-18,47.0,99,1078
2022-03-20,64.0,99,2233
2022-03-21,74.0,98,2358
2022-03-22,61.0,99,1812
2022-03-25,49.0,99,20919
2022-03-27,37.0,99,2662
2022-03-29,43.0,99,1439
2022-04-02,43.0,99,2307
2022-04-06,57.0,99,3153
2022-04-08,41.0,99,4270
2022-04-09,48.0,99,2503
2022-04-10,62.0,77,1807
2022-04-11,60.0,99,1194
2022-04-12,71.0,99,3965
2022-04-13,71.0,99,1955
2022-04-14,54.0,99,2630
2022-04-15,54.0,99,2313
2022-04-16,50.0,99,5029
2022-04-17,42.0,99,2053
2022-04-19,49.0,99,3966
2022-04-21,69.0,99,2950
2022-04-23,83.0,95,1228
2022-04-24,74.0,99,5207
2022-04-25,57.0,98,47734
2022-04-26,52.0,99,2883
2022-04-27,43.0,99,5388
2022-04-28,51.5,81,3584
2022-04-29,67.0,99,2095
2022-04-30,71.0,99,3234
2022-05-01,59.5,99,2857
2022-05-02,60.0,98,1880
2022-05-03,52.5,98,1682
2022-05-04,51.0,99,3035
2022-05-05,57.0,99,772
2022-05-06,54.5,50,2155
2022-05-07,63.0,99,2982
2022-05-08,69.5,99,4073
2022-05-09,83.0,99,3862
2022-05-10,88.0,99,1773
2022-05-11,83.0,99,1971
2022-05-12,92.0,99,3161
2022-05-13,92.0,99,3024
2022-05-14,79.0,99,3208
2022-05-15,75.0,99,2147
2022-05-16,79.5,99,2225
2022-05-17,66.5,99,1649
2022-05-18,73.0,99,8169
2022-05-19,88.5,95,3100
2022-05-20,88.5,99,3712
2022-05-21,63.5,99,2090
2022-05-22,65.5,99,1679
2022-05-23,63.5,98,2366
2022-05-24,68.5,98,2137
2022-05-25,82.5,99,3370
2022-05-26,77.0,99,3462
2022-05-27,65.5,93,1019
2022-05-28,76.5,99,1286
2022-05-29,88.0,98,1979
2022-05-30,91.5,99,692
2022-05-31,89.5,99,1121
2022-06-01,74.0,99,4138
2022-06-02,78.5,99,6146
2022-06-03,82.5,97,1598
2022-06-04,79.0,98,2029
2022-06-05,81.5,99,4477
2022-06-06,75.5,97,3441
2022-06-07,71.5,99,1775
2022-06-08,68.0,99,10876
2022-06-09,80.5,99,1609
2022-06-10,74.0,99,2849
2022-06-11,80.0,97,4589
2022-06-12,73.5,99,2410
2022-06-13,89.0,99,6330
2022-06-14,100.5,99,1376
2022-06-15,100.5,96,5253
2022-06-16,97.5,99,3778
2022-06-17,87.5,1,3228
2022-06-18,70.0,99,1907
2022-06-19,87.5,99,3695
2022-06-20,96.5,99,1589
2022-06-21,100.5,99,1304
2022-06-22,91.5,93,2594
2022-06-23,86.0,98,4099
2022-06-24,93.5,99,1629
2022-06-25,93.0,98,4746
2022-06-26,83.5,94,1970
2022-06-27,80.5,90,2808
2022-06-28,87.5,96,6294
2022-06-29,89.5,99,5469
2022-06-30,94.5,97,4270
2022-07-01,83.0,97,10775
2022-07-02,86.5,99,1336
2022-07-03,90.0,99,3200
2022-07-04,92.0,98,2993
2022-07-05,99.0,99,2604
2022-07-06,81.5,99,2723
2022-07-07,81.0,99,2600
2022-07-08,80.0,99,5379
2022-07-09,79.5,91,1368
2022-07-10,87.5,96,2783
2022-07-11,91.0,99,2440
2022-07-12,88.5,93,2498
2022-07-13,82.0,99,4055
2022-07-14,81.5,99,1119
2022-07-15,80.0,99,2027
2022-07-16,83.0,98,3449
2022-07-17,81.0,98,1958
2022-07-18,90.5,99,1028
2022-07-19,91.5,97,1217
2022-07-20,89.5,91,1204
2022-07-21,93.5,99,1306
2022-07-22,91.5,67,2092
2022-07-23,94.0,98,3953
2022-07-24,88.5,95,1492
2022-07-25,78.0,99,874
2022-07-26,82.0,99,8871
2022-07-27,86.0,99,2437
2022-07-28,82.5,99,1596
2022-07-29,83.5,99,2249
2022-07-30,84.5,99,1884
2022-07-31,85.5,99,3081
2022-08-01,88.5,98,1222
2022-08-02,90.0,99,2402
2022-08-03,94.5,99,1618
2022-08-04,81.0,99,2749
2022-08-05,87.5,99,1416
2022-08-06,94.5,99,1226
2022-08-07,89.0,99,2545
2022-08-08,84.5,99,2225
2022-08-09,77.5,98,4189
2022-08-10,86.5,99,2986
2022-08-11,79.5,99,5348
2022-08-12,80.5,99,6504
2022-08-13,81.0,97,4192
2022-08-14,79.0,99,1850
2022-08-15,80.0,99,4095
2022-08-16,82.0,99,2335
2022-08-17,83.0,99,6399
2022-08-18,85.5,97,3495
2022-08-19,88.5,96,3313
2022-08-20,78.0,99,3089
2022-08-21,78.0,99,1832
2022-08-22,82.0,99,1071
2022-08-23,85.5,99,1270
2022-08-24,86.5,99,1665
2022-08-25,82.5,97,3079
2022-08-26,79.0,99,2338
2022-08-27,84.5,99,2962
2022-08-28,91.0,96,6267
2022-08-29,87.5,99,3475
2022-08-30,82.5,97,2390
2022-08-31,87.5,97,1536
2022-09-01,89.5,99,4249
2022-09-02,88.5,99,1845
2022-09-03,88.0,99,5528
2022-09-04,75.5,99,872
2022-09-05,75.0,99,2379
2022-09-06,81.5,99,2876
2022-09-07,81.0,98,3684
2022-09-08,85.5,99,2902
2022-09-09,87.5,96,3808
2022-09-10,86.5,98,12151
2022-09-11,74.5,94,2312
2022-09-12,68.5,97,6400
2022-09-13,79.0,99,7334
2022-09-14,81.5,99,2606
2022-09-15,85.0,99,3868
2022-09-16,85.5,99,1159
2022-09-17,87.5,85,1062
2022-09-18,86.0,99,2961
2022-09-19,79.5,99,1367
2022-09-20,93.0,99,3340
2022-09-21,85.0,99,3319
2022-09-22,66.5,98,4226
2022-09-23,66.0,73,2878
2022-09-24,76.0,99,2883
2022-09-25,69.5,99,1348
2022-09-26,64.5,99,2397
2022-09-27,62.0,99,8723
2022-09-28,62.5,99,2884
2022-09-29,64.5,99,3093
2022-09-30,66.5,99,2370
2022-10-01,69.5,99,2628
2022-10-02,68.5,99,6160
2022-10-03,69.5,99,4437
2022-10-04,75.0,99,6505
2022-10-05,77.5,99,3267
2022-10-06,76.0,99,3934
2022-10-07,57.0,99,3025
2022-10-08,60.5,99,1666
2022-10-09,71.5,99,1819
2022-10-10,74.0,99,3658
2022-10-11,71.5,99,2861
2022-10-12,66.0,99,3399
2022-10-13,58.0,99,1781
2022-10-14,62.5,99,1819
2022-10-15,55.0,99,3172
2022-10-16,56.5,99,2146
2022-10-17,44.5,99,3550
2022-10-18,50.0,95,7001
2022-10-19,50.5,99,2782
2022-10-20,63.0,99,4598
2022-10-21,78.0,99,2451
2022-10-22,81.5,99,2455
2022-10-23,81.5,99,2548
2022-10-24,79.5,97,5194
2022-10-25,70.5,98,1821
2022-10-26,56.5,99,1942
2022-10-27,55.0,99,1973
2022-10-28,60.5,95,1936
2022-10-29,67.5,99,2390
2022-10-30,67.0,99,2126
2022-10-31,61.0,99,1331
2022-11-01,70.5,99,2001
2022-11-02,74.5,89,1202
2022-11-03,74.5,99,1776
2022-11-04,76.0,99,5009
2022-11-05,69.0,99,16824
2022-11-06,64.5,99,1422
2022-11-07,57.0,99,2912
2022-11-08,58.0,99,3786
2022-11-09,70.5,99,1411
2022-11-10,75.5,99,1781
2022-11-11,59.5,99,9477
2022-11-12,38.0,98,4660
2022-11-13,39.0,95,3295
2022-11-14,42.0,95,6382
2022-11-15,38.0,99,5110
2022-11-16,36.0,95,3918
2022-11-17,34.5,99,2097
2022-11-18,30.0,99,6914
2022-11-19,28.0,99,3965
2022-11-20,32.5,99,4291
2022-11-21,46.0,99,2631
2022-11-22,52.0,99,8257
2022-11-23,59.0,99,12800
2022-11-24,52.5,99,12746
2022-11-25,51.5,99,3806
2022-11-26,56.0,99,2814
2022-11-27,46.5,99,1860
2022-11-28,46.0,90,3105
2022-11-29,59.5,99,2732
2022-11-30,35.0,99,5377
2022-12-01,36.5,18,1375
2022-12-02,52.5,99,4042
2022-12-03,52.0,91,5657
2022-12-04,39.5,99,1786
2022-12-05,44.5,99,2540
2022-12-06,44.5,99,2755
2022-12-07,43.0,99,5641
2022-12-08,41.5,99,2180
2022-12-09,39.0,95,1888
2022-12-10,42.0,99,2819
2022-12-11,40.5,13,1871
2022-12-12,42.5,94,2986
2022-12-13,38.5,1,3152
2022-12-14,44.5,99,2541
2022-12-15,37.5,99,3709
2022-12-16,31.5,99,2700
2022-12-17,25.5,99,3283
2022-12-18,22.0,99,2247
2022-12-19,25.5,66,3206
2022-12-20,33.5,98,1451
2022-12-21,32.5,99,1720
2022-12-22,34.5,99,2113
2022-12-23,0.5,34,580
2022-12-24,13.0,99,3061
2022-12-25,13.5,95,1332
2022-12-26,22.5,97,1062
2022-12-27,25.5,97,2074
2022-12-28,45.5,98,6398
2022-12-29,57.0,99,3610
2022-12-30,56.5,99,2246
2022-12-31,39.5,9,2736
2023-01-01,45.5,99,1880
2023-01-02,44.5,99,2673
2023-01-03,55.0,99,3691
2023-01-04,45.5,99,3071
2023-01-05,34.5,91,701
2023-01-06,32.5,99,2320
2023-01-07,32.5,99,4260
2023-01-08,34.5,98,1676
2023-01-09,42.0,99,8192
2023-01-10,44.0,99,2068
2023-01-11,49.0,99,3166
2023-01-12,44.5,98,3288
2023-01-13,34.5,89,1142
2023-01-14,36.0,99,4112
2023-01-15,42.5,99,582
2023-01-16,51.0,81,1700
2023-01-17,49.5,99,2035
2023-01-18,38.5,95,1316
2023-01-19,41.5,93,2872
2023-01-20,34.5,99,3008
2023-01-21,31.5,89,3195
2023-01-22,33.5,99,1332
2023-01-23,32.5,99,2085
2023-01-24,37.0,99,1302
2023-01-25,34.5,99,3905
2023-01-26,31.5,99,3068
2023-01-27,36.5,99,1405
2023-01-28,30.5,85,1232
2023-01-29,31.5,99,3353
2023-01-30,19.5,99,2548
2023-01-31,13.5,99,921
2023-02-01,28.5,95,228
2023-02-02,34.0,99,2969
2023-02-03,11.5,99,966
2023-02-04,41.0,99,3244
2023-02-05,40.0,99,1005
2023-02-06,46.0,98,1992
2023-02-07,49.5,99,2512
2023-02-08,42.5,99,584
2023-02-09,46.5,99,1909
2023-02-10,39.0,99,1363
2023-02-11,46.0,99,2314
2023-02-12,52.5,99,1244
2023-02-13,52.5,99,707
2023-02-14,54.5,99,2169
2023-02-15,53.5,99,3518
2023-02-16,36.5,93,2588
2023-02-17,27.5,99,1374
2023-02-18,45.5,99,845
2023-02-19,53.0,99,2166
2023-02-20,45.5,99,2576
2023-02-21,40.5,99,2456
2023-02-22,35.5,93,513
2023-02-23,42.5,91,706
2023-02-24,27.5,21,1437
2023-02-25,37.5,89,1417
2023-02-26,50.0,99,1226
2023-02-27,57.0,99,1710
2023-02-28,48.0,99,2204
2023-03-01,56.5,99,2140
2023-03-02,38.5,77,1958
2023-03-03,39.0,99,1782
2023-03-04,47.0,98,853
2023-03-05,49.0,99,4144
2023-03-06,56.5,95,1974
2023-03-07,43.5,99,5586
2023-03-08,45.0,99,3681
2023-03-09,41.5,61,1145
2023-03-10,37.5,95,551
2023-03-11,38.5,99,923
2023-03-12,36.5,99,1367
2023-03-13,33.5,97,825
2023-03-14,37.5,99,1979
2023-03-15,50.5,99,970
2023-03-16,51.5,4,2649
2023-03-17,52.5,97,3122
2023-03-18,25.5,99,1653
2023-03-19,41.5,99,795
2023-03-20,51.5,73,740
2023-03-21,56.0,99,4555
2023-03-22,53.5,99,565
2023-03-23,49.5,97,1179
2023-03-24,45.5,85,475
2023-03-25,43.0,95,516
2023-03-26,47.0,98,1663
2023-03-27,45.0,99,1378
2023-03-28,51.5,99,1387
2023-03-29,42.5,75,572
2023-03-30,56.0,17,1686
2023-03-31,68.0,34,960
2023-04-01,50.5,97,3996
2023-04-02,55.5,97,1424
2023-04-03,60.5,99,1074
2023-04-04,71.0,99,2012
2023-04-05,72.5,99,719
2023-04-06,54.5,99,1040
2023-04-07,50.0,99,1740
2023-04-08,63.5,99,901
2023-04-09,68.5,99,862
2023-04-10,70.5,97,1489
2023-04-11,80.0,97,5186
2023-04-12,82.5,99,2261
2023-04-13,83.5,99,1086
2023-04-14,83.5,97,1450
2023-04-15,82.5,99,804
2023-04-16,63.5,98,4599
2023-04-17,39.5,99,1173
2023-04-18,59.0,99,9656
2023-04-19,72.5,99,1786
2023-04-20,79.0,99,4867
2023-04-21,62.5,99,2464
2023-04-22,46.5,99,815
2023-04-23,42.0,95,3830
2023-04-24,54.5,99,10240
2023-04-25,48.5,99,419
2023-04-26,50.5,90,528
2023-04-27,67.0,75,2003
2023-04-28,60.5,99,1402
2023-04-29,59.5,97,909
2023-04-30,49.5,97,1036
2023-05-01,49.0,97,1828
2023-05-02,55.0,99,870
2023-05-03,57.5,28,469
2023-05-04,70.0,99,1056
2023-05-05,78.0,99,1041
2023-05-06,79.0,92,1605
2023-05-07,85.5,99,1035
2023-05-08,68.5,97,572
2023-05-09,70.0,99,1491
2023-05-10,80.5,99,621
2023-05-11,82.5,65,382
2023-05-12,74.0,95,513
2023-05-13,67.5,49,216
2023-05-14,64.5,95,409
2023-05-15,68.5,91,3503
2023-05-16,80.5,97,383
2023-05-17,62.5,95,1071
2023-05-18,75.5,98,1145
2023-05-19,74.0,99,1936
2023-05-20,69.5,99,1463
2023-05-21,80.5,99,725
2023-05-22,81.0,99,638
2023-05-23,84.5,98,670
2023-05-24,68.0,99,1547
2023-05-25,62.5,97,3480
2023-05-26,69.5,82,764
2023-05-27,73.5,99,849
2023-05-28,78.0,99,932
2023-05-29,83.5,99,856
2023-05-30,88.5,95,1969
2023-05-31,90.0,99,1240
2023-06-01,90.5,99,265
2023-06-02,91.5,60,889
2023-06-03,88.5,99,588
2023-06-04,77.5,99,1138
2023-06-05,84.5,99,1294
2023-06-06,79.0,80,2625
2023-06-07,75.5,99,296
2023-06-08,73.5,99,773
2023-06-09,79.5,99,1720
2023-06-10,86.5,99,1321
2023-06-11,66.5,99,4301
2023-06-12,70.5,31,1471
2023-06-13,66.5,99,720
2023-06-14,73.5,99,1597
2023-06-15,82.0,99,886
2023-06-16,67.5,62,1062
2023-06-17,78.5,97,1216
2023-06-18,85.5,99,893
2023-06-19,85.5,50,124
2023-06-20,84.5,81,537
2023-06-21,87.5,99,699
2023-06-22,84.0,97,807
2023-06-23,84.5,90,1025
2023-06-24,92.5,67,252
2023-06-25,86.5,22,188
2023-06-26,76.0,97,625
2023-06-27,75.5,41,1026
2023-06-28,84.5,47,708
2023-06-29,86.5,75,1025
2023-06-30,90.5,69,801
2023-07-01,85.5,53,171
2023-07-02,74.5,83,32
2023-07-03,85.5,99,525
2023-07-04,92.5,97,370
2023-07-05,91.5,98,259
2023-07-06,80.0,97,978
2023-07-07,81.0,95,1112
2023-07-08,75.5,6,834
2023-07-09,85.0,98,863
2023-07-10,85.5,90,426
2023-07-11,87.5,51,335
2023-07-12,80.0,98,4828
2023-07-13,78.5,49,852
2023-07-14,89.5,54,516
2023-07-15,83.5,97,286
2023-07-16,81.5,99,305
2023-07-17,79.5,33,716
2023-07-18,77.5,99,1549
2023-07-19,85.5,97,390
2023-07-20,88.5,15,2477
2023-07-21,81.5,12,55
2023-07-22,85.5,56,479
2023-07-23,84.5,49,322
2023-07-24,86.5,43,391
2023-07-25,90.5,99,3426
2023-07-26,90.5,21,646
2023-07-27,90.5,31,540
2023-07-28,92.5,98,1137
2023-07-29,82.5,98,1254
2023-07-30,80.5,97,837
2023-07-31,81.5,50,598
2023-08-01,84.5,96,1093
2023-08-02,84.5,99,158
2023-08-03,89.0,99,5382
2023-08-04,84.5,64,554
2023-08-05,79.0,97,4062
2023-08-06,73.0,99,2726
2023-08-07,77.0,87,1831
2023-08-08,84.5,56,109
2023-08-09,79.5,21,39
2023-08-10,85.5,97,4359
2023-08-11,85.5,89,791
2023-08-12,87.5,97,677
2023-08-13,81.5,65,45
2023-08-14,75.5,99,201
2023-08-15,77.5,92,913
2023-08-16,81.5,96,261
2023-08-17,81.5,99,1157
2023-08-18,78.5,96,200
2023-08-19,83.5,96,659
2023-08-20,90.5,98,248
2023-08-21,83.5,96,458
2023-08-22,88.5,75,894
2023-08-23,98.5,55,389
2023-08-24,99.5,97,769
2023-08-25,82.5,49,311
2023-08-26,75.5,35,170
2023-08-27,75.5,57,359
2023-08-28,78.5,50,36
2023-08-29,85.5,50,869
2023-08-30,71.5,99,562
2023-08-31,75.5,44,179
2023-09-01,82.5,19,1040
2023-09-02,88.5,99,1082
2023-09-03,93.5,97,749
2023-09-04,92.5,54,378
2023-09-05,91.5,33,704
2023-09-06,82.0,50,327
2023-09-07,70.5,68,568
2023-09-08,69.5,40,592
2023-09-09,75.5,97,1575
2023-09-10,80.5,31,556
2023-09-11,70.5,93,65
2023-09-12,70.5,53,560
2023-09-13,70.5,40,1148
2023-09-14,70.5,55,306
2023-09-15,76.5,39,632
2023-09-16,71.5,38,7
2023-09-17,68.5,26,122
2023-09-18,71.5,48,192
2023-09-19,67.5,44,253
2023-09-20,80.5,97,487
2023-09-21,75.5,33,103
2023-09-22,78.5,31,598
2023-09-23,78.5,47,299
2023-09-24,76.5,51,497
2023-09-25,76.5,38,333
2023-09-26,73.5,35,675
2023-09-27,69.5,79,91
2023-09-28,70.5,20,782
2023-09-29,76.5,26,626
2023-09-30,83.5,36,487
2023-10-01,84.0,99,910
2023-10-02,85.5,37,497
2023-10-03,86.5,51,559
2023-10-04,84.5,41,18
2023-10-05,70.5,6,637
2023-10-06,61.5,46,157
2023-10-07,58.5,41,459
2023-10-08,55.5,38,2
2023-10-09,58.5,50,277
2023-10-10,63.0,99,225
2023-10-11,67.0,25,487
2023-10-12,63.0,34,749
2023-10-13,58.5,35,968
2023-10-14,56.5,88,1006
2023-10-15,59.0,16,168
2023-10-16,54.5,47,957
2023-10-17,62.5,40,1160
2023-10-18,67.5,55,938
2023-10-19,57.5,1,36
2023-10-20,59.5,58,1229
2023-10-21,64.5,41,1502
2023-10-22,58.5,40,1076
2023-10-23,67.5,93,1120
2023-10-24,80.0,90,1681
2023-10-25,67.5,85,3271
2023-10-26,71.5,31,633
2023-10-27,71.5,43,555
2023-10-28,50.5,53,866
2023-10-29,48.5,58,322
2023-10-30,43.0,99,973
2023-10-31,37.5,68,1357
2023-11-01,40.5,3,8
2023-11-02,54.0,99,506
2023-11-03,57.5,62,899
2023-11-04,58.5,60,1423
2023-11-05,60.5,39,248
2023-11-06,70.5,34,934
2023-11-07,56.5,51,4421
2023-11-08,60.5,33,1343
2023-11-09,57.0,99,641
2023-11-10,48.5,61,163
2023-11-11,51.5,49,640
2023-11-12,57.5,39,348
2023-11-13,64.0,32,1077
2023-11-14,63.5,99,782
2023-11-15,67.5,52,1723
2023-11-16,66.5,58,1645
2023-11-17,54.0,24,5
2023-11-18,52.5,97,1482
2023-11-19,53.5,99,827
2023-11-20,49.5,99,822
2023-11-21,45.5,31,1141
2023-11-22,47.5,59,1185
2023-11-23,48.5,44,852
2023-11-24,37.5,81,862
2023-11-25,38.5,36,1194
2023-11-26,34.5,30,147
2023-11-27,29.5,95,437
2023-11-28,25.5,97,2161
2023-11-29,42.5,68,1608
2023-11-30,52.0,79,2353
2023-12-01,45.5,95,1293
2023-12-02,46.5,50,682
2023-12-03,42.5,64,452
2023-12-04,41.5,64,473
2023-12-05,42.5,21,902
2023-12-06,41.5,3,1008
2023-12-07,53.5,70,1237
2023-12-08,56.5,17,1123
2023-12-09,54.0,21,500
2023-12-10,36.5,62,242
2023-12-11,37.5,39,1976
2023-12-12,39.5,76,613
2023-12-13,41.5,99,901
2023-12-14,52.5,97,427
2023-12-15,54.5,45,887
2023-12-16,48.0,99,1016
2023-12-17,44.5,30,205
2023-12-18,36.0,86,2
2023-12-19,33.5,25,1676
2023-12-20,43.5,57,853
2023-12-21,47.0,99,1848
2023-12-22,47.5,42,1004
2023-12-23,50.5,15,203
2023-12-25,55.0,99,53
2023-12-26,47.0,99,102
2023-12-27,43.0,99,100
2023-12-28,43.0,51,199
2023-12-29,43.5,69,76
2023-12-30,39.5,50,1216
2023-12-31,35.0,99,1
2024-01-01,33.5,99,40
2024-01-02,41.0,99,422
2024-01-03,37.5,57,1170
2024-01-04,37.5,37,397
2024-01-05,37.5,99,1643
2024-01-06,35.5,98,1160
2024-01-07,35.5,99,1069
2024-01-08,37.5,52,648
2024-01-09,37.5,99,1198
2024-01-10,35.0,97,626
2024-01-11,35.5,99,915
2024-01-12,38.0,99,2856
2024-01-13,28.0,0,0
2024-01-14,1.5,99,49
2024-01-15,3.5,85,267
2024-01-16,5.5,3,1106
2024-01-17,23.5,8,506
2024-01-18,26.0,99,2288
2024-01-19,16.5,45,524
2024-01-20,19.0,99,2639
2024-01-21,22.5,56,333
2024-01-22,35.0,99,547
2024-01-23,38.0,99,1238
2024-01-24,39.5,85,1890
2024-01-25,41.0,99,1053
2024-01-26,42.0,99,856
2024-01-27,41.5,53,374
2024-01-28,41.5,35,300
2024-01-29,40.5,99,714
2024-01-30,41.5,95,666
2024-01-31,40.5,92,60
2024-02-01,53.0,99,1695
2024-02-02,43.5,91,2276
2024-02-03,40.0,99,2004
2024-02-04,46.5,97,1452
2024-02-05,44.5,99,1149
2024-02-06,42.5,99,1857
2024-02-07,47.5,99,860
2024-02-08,60.0,99,663
2024-02-09,57.5,99,1593
2024-02-10,43.5,97,1006
2024-02-11,42.5,50,290
2024-02-12,45.5,64,347
2024-02-13,42.5,7,1209
2024-02-14,47.5,35,1820
2024-02-15,44.0,99,542
2024-02-16,33.5,79,1301
2024-02-17,29.5,99,1540
2024-02-18,47.0,45,442
2024-02-19,48.0,99,1080
2024-02-20,56.0,99,2567
2024-02-21,66.0,99,1557
2024-02-22,56.0,99,3165
2024-02-23,46.0,99,242
2024-02-24,35.5,99,1505
2024-02-25,60.0,99,2082
2024-02-26,71.0,99,4245
2024-02-27,73.5,15,599
2024-02-28,32.0,98,61
2024-02-29,45.5,49,296
2024-03-01,47.0,49,1624
2024-03-02,60.5,99,806
2024-03-03,74.5,30,1259
2024-03-04,72.5,95,1479
2024-03-05,44.5,99,3572
2024-03-06,50.5,39,1060
2024-03-07,49.5,81,620
2024-03-08,47.5,99,1061
2024-03-09,47.0,99,1120
2024-03-10,48.5,97,1440
2024-03-11,68.0,99,2079
2024-03-12,71.5,99,2182
2024-03-13,66.0,99,2085
2024-03-14,63.0,99,2693
2024-03-15,52.5,93,2115
2024-03-16,59.5,64,1348
2024-03-17,43.0,97,2290
2024-03-18,36.5,92,435
2024-03-19,59.0,47,2016
2024-03-20,43.0,99,2442
2024-03-21,40.5,99,1956
2024-03-22,41.0,34,1725
2024-03-23,40.5,49,2354
2024-03-24,50.0,99,3753
2024-03-25,64.0,73,3305
2024-03-26,58.5,97,439
2024-03-27,43.5,61,1035
2024-03-28,52.5,99,1757
2024-03-29,52.5,27,795
2024-03-30,63.0,97,2546
2024-03-31,51.0,99,1520
2024-04-01,50.0,99,2187
2024-04-02,46.0,99,3349
2024-04-03,39.5,97,4855
2024-04-04,43.5,11,1311
2024-04-05,48.0,97,890
2024-04-06,53.0,99,2234
2024-04-07,51.5,98,2530
2024-04-08,71.0,99,1737
2024-04-09,64.5,97,377
2024-04-10,67.5,97,1289
2024-04-11,55.0,99,1954
2024-04-12,63.0,99,1905
2024-04-13,71.5,99,2235
2024-04-14,80.5,99,1141
2024-04-15,73.5,97,1356
2024-04-16,71.0,90,519
2024-04-17,70.5,99,1879
2024-04-18,59.5,97,734
2024-04-19,58.5,99,886
2024-04-20,48.5,97,339
2024-04-21,58.5,98,1315
2024-04-22,68.5,97,1709
2024-04-23,64.5,85,1003
2024-04-24,47.5,52,527
2024-04-25,57.5,41,668
2024-04-26,64.5,52,412
2024-04-27,79.5,99,984
2024-04-28,77.5,48,467
2024-04-29,69.5,60,88
2024-04-30,74.5,25,269
2024-05-01,78.5,97,895
2024-05-02,79.0,99,511
2024-05-03,68.5,97,401
2024-05-04,79.0,99,1297
2024-05-05,65.5,58,762
2024-05-06,71.5,99,905
2024-05-07,76.5,97,1977
2024-05-08,77.5,99,943
2024-05-09,62.0,99,1936
2024-05-10,68.5,99,650
2024-05-11,71.0,99,3245
2024-05-12,84.0,99,1832
2024-05-13,81.0,99,1852
2024-05-14,62.0,99,2172
2024-05-15,69.0,99,1115
2024-05-16,76.5,88,794
2024-05-17,77.0,99,1616
2024-05-18,86.5,76,942
2024-05-19,77.5,97,679
2024-05-20,85.5,67,1339
2024-05-21,91.5,30,1649
2024-05-22,80.0,99,20358
2024-05-23,79.5,15,873
2024-05-24,79.5,97,48
2024-05-25,73.5,21,851
2024-05-26,75.5,19,1402
2024-05-27,74.5,97,1237
2024-05-28,73.5,33,472
2024-05-29,71.0,99,11501
2024-05-30,70.5,84,1395
2024-05-31,81.5,99,729
2024-06-01,68.5,66,1009
2024-06-02,75.5,99,1846
2024-06-03,88.0,99,10685
2024-06-04,87.5,99,364
2024-06-05,80.5,75,2261
2024-06-06,79.5,99,868
2024-06-07,80.0,99,2905
2024-06-08,79.0,99,5628
2024-06-09,81.0,25,1201
2024-06-10,68.5,60,1429
2024-06-11,78.5,93,1398
2024-06-12,92.5,99,1655
2024-06-13,91.5,76,1129
2024-06-14,85.0,99,4781
2024-06-15,85.5,15,364
2024-06-16,95.5,97,1678
2024-06-17,97.5,99,1838
2024-06-18,95.5,8,1567
2024-06-19,94.5,99,1027
2024-06-20,89.0,98,4544
2024-06-21,94.0,80,1494
2024-06-22,94.5,98,1978
2024-06-23,82.5,69,1223
2024-06-24,88.0,99,14004
2024-06-25,85.5,90,1038
2024-06-26,85.0,99,4023
2024-06-27,72.5,99,1442
2024-06-28,77.0,98,5700
2024-06-29,88.5,99,3605
2024-06-30,72.5,99,3235
2024-07-01,73.5,99,817
2024-07-02,86.5,61,2120
2024-07-03,89.5,99,2221
2024-07-04,84.5,91,2038
2024-07-05,84.5,99,818
2024-07-06,80.5,99,2521
2024-07-07,89.0,97,15781
2024-07-08,87.5,99,2166
2024-07-09,80.5,95,1303
2024-07-10,84.0,97,564
2024-07-11,80.5,96,700
2024-07-12,85.5,99,2196
2024-07-13,92.5,99,7541
2024-07-14,88.5,99,1060
2024-07-15,90.5,97,1458
2024-07-16,87.5,99,262
2024-07-17,83.5,99,2231
2024-07-18,74.5,99,2372
2024-07-19,80.5,99,1644
2024-07-20,80.5,99,3121
2024-07-21,84.5,97,1747
2024-07-22,83.5,99,1721
2024-07-23,86.5,99,2757
2024-07-24,77.5,99,1689
2024-07-25,78.5,90,1231
2024-07-26,80.5,99,1961
2024-07-27,85.5,99,3212
2024-07-28,83.5,99,1815
2024-07-29,85.5,97,4730
2024-07-30,91.5,99,4134
2024-07-31,92.5,99,9823
2024-08-01,89.5,99,3774
2024-08-02,85.0,99,9775
2024-08-03,91.5,98,2942
2024-08-04,89.5,99,2796
2024-08-05,88.0,99,3796
2024-08-06,78.5,99,8948
2024-08-07,78.5,99,4379
2024-08-08,84.5,97,3464
2024-08-09,73.5,99,2228
2024-08-10,76.5,99,3654
2024-08-11,79.5,99,2199
2024-08-12,81.5,98,1839
2024-08-13,85.5,99,4765
2024-08-14,86.5,99,2671
2024-08-15,77.5,99,3685
2024-08-16,88.5,97,6045
2024-08-17,82.5,99,4153
2024-08-18,79.5,92,3843
2024-08-19,76.5,99,3875
2024-08-20,73.5,99,3540
2024-08-21,75.5,99,4083
2024-08-22,80.5,99,6157
2024-08-23,81.5,98,2938
2024-08-24,90.5,99,2665
2024-08-25,92.0,99,5201
2024-08-26,94.5,99,6493
2024-08-27,98.5,99,3849
2024-08-28,86.5,99,3591
2024-08-29,85.5,97,4694
2024-08-30,86.5,99,1071
2024-08-31,85.5,93,5311
2024-09-01,77.5,99,4534
2024-09-02,74.5,99,3474
2024-09-03,78.5,99,7299
2024-09-04,84.5,97,6174
2024-09-05,86.5,99,6514
2024-09-06,72.5,99,22329
2024-09-07,67.5,99,4213
2024-09-08,73.5,99,4289
2024-09-09,82.5,99,3529
2024-09-10,83.5,99,6932
2024-09-11,88.5,99,5193
2024-09-12,87.5,99,2897
2024-09-13,84.5,99,3159
2024-09-14,87.5,85,3841
2024-09-15,89.5,97,4367
2024-09-16,90.5,99,2232
2024-09-17,85.5,97,4716
2024-09-18,87.0,99,5228
2024-09-19,90.5,99,5258
2024-09-20,88.0,99,7683
2024-09-21,93.0,97,8067
2024-09-22,77.0,99,9285
2024-09-23,67.5,99,3737
2024-09-24,68.5,97,3532
2024-09-25,77.0,99,5060
2024-09-26,77.5,99,3459
2024-09-27,73.5,65,5312
2024-09-28,73.5,30,2879
2024-09-29,73.5,99,3749
2024-09-30,78.5,98,3087
2024-10-01,70.5,98,5336
2024-10-02,72.5,97,4006
2024-10-03,80.5,50,1741
2024-10-04,72.5,98,1558
2024-10-05,84.0,99,3713
2024-10-06,74.5,99,9217
2024-10-07,68.5,99,1416
2024-10-08,74.5,99,1091
2024-10-09,69.5,98,3211
2024-10-10,71.5,99,7163
2024-10-11,83.5,99,2097
2024-10-12,69.5,97,4047
2024-10-13,67.5,99,450
2024-10-14,57.5,99,1510
2024-10-15,48.5,91,2693
2024-10-16,58.5,80,1106
2024-10-17,64.5,99,3791
2024-10-18,68.5,99,2314
2024-10-19,71.5,92,2888
2024-10-20,78.5,99,2151
2024-10-21,82.5,99,2627
2024-10-22,75.5,98,5432
2024-10-23,65.5,99,504
2024-10-24,65.5,99,2207
2024-10-25,68.0,99,3406
2024-10-26,58.5,96,5496
2024-10-27,58.5,98,6636
2024-10-28,68.5,96,19822
2024-10-29,82.5,99,3562
2024-10-30,81.5,99,5335
2024-10-31,72.0,98,55191
2024-11-01,54.5,99,25505
2024-11-02,58.5,99,9950
2024-11-03,64.5,77,24491
2024-11-04,68.5,95,95741
2024-11-05,67.5,98,10202
2024-11-06,60.0,97,264316
2024-11-07,60.5,99,22469
2024-11-08,63.0,99,45911
2024-11-09,55.5,99,48028
2024-11-10,64.5,98,61769
2024-11-11,58.5,99,35668
2024-11-12,49.5,99,89436
2024-11-13,52.5,99,232687
2024-11-14,54.5,99,57913
2024-11-15,55.5,99,114115
2024-11-16,53.5,99,87236
2024-11-17,59.5,99,191072
2024-11-18,61.0,99,347878
2024-11-19,64.5,99,72176
2024-11-20,50.5,99,45984
2024-11-21,40.5,97,68765
2024-11-22,48.5,99,32453
2024-11-23,45.5,99,85394
2024-11-24,53.5,90,224918
2024-11-25,54.0,99,141719
2024-11-26,40.5,99,14316
2024-11-27,43.5,84,235409
2024-11-28,39.5,99,26028
2024-11-29,28.5,99,35857
2024-11-30,25.5,99,34458
2024-12-01,27.5,99,36367
2024-12-02,28.5,99,46575
2024-12-03,31.5,99,52470
2024-12-04,39.5,99,68760
2024-12-05,28.5,99,30564
2024-12-06,33.5,99,67354
2024-12-07,46.0,99,50417
2024-12-08,53.0,99,145989
2024-12-09,54.0,99,42011
2024-12-10,37.0,99,71361
2024-12-11,32.5,99,125185
2024-12-12,15.5,84,62417
2024-12-13,27.5,95,86320
2024-12-14,41.5,98,46065
2024-12-15,45.5,99,32382
2024-12-16,53.5,99,28666
2024-12-17,38.5,99,79810
2024-12-18,36.5,99,72444
2024-12-19,33.5,96,34037
2024-12-20,35.5,99,13990
2024-12-21,29.5,99,45727
2024-12-22,34.5,98,12997
2024-12-23,42.5,98,50594
2024-12-24,38.5,99,21575
2024-12-25,39.5,99,20991
2024-12-26,49.5,99,24202
2024-12-27,54.0,67,72935
2024-12-28,53.5,99,18212
2024-12-29,47.0,99,17477
2024-12-30,42.5,96,95374
2024-12-31,43.5,99,32297
2025-01-01,34.0,99,18075
2025-01-02,32.5,98,46976
2025-01-03,27.5,99,31772
2025-01-04,25.0,99,26226
2025-01-05,29.0,99,81018
2025-01-06,31.5,99,38500
2025-01-07,27.5,99,44180
2025-01-08,26.0,99,37338
2025-01-09,28.5,99,37680
2025-01-10,30.5,99,18327
2025-01-11,33.0,99,54564
2025-01-12,35.5,99,19864
2025-01-13,21.5,99,52110
2025-01-14,18.5,99,21903
2025-01-15,19.5,96,72822
2025-01-16,38.5,99,53967
2025-01-17,43.0,99,15234
2025-01-18,39.0,99,39044
2025-01-19,16.0,99,41451
2025-01-20,12.5,99,18665
2025-01-21,2.5,99,55097
2025-01-22,25.5,99,32863
2025-01-23,26.0,99,220506
2025-01-24,23.5,98,35880
2025-01-25,39.0,99,34566
2025-01-26,31.0,99,42035
2025-01-27,45.5,99,36472
2025-01-28,49.0,99,63403
2025-01-29,44.0,99,26755
2025-01-30,49.5,99,17876
2025-01-31,41.5,99,20527
2025-02-01,35.5,99,16483
2025-02-02,45.5,97,19733
2025-02-03,48.5,99,22069
2025-02-04,35.5,99,43558
2025-02-05,32.5,99,10813
2025-02-06,39.5,99,11948
2025-02-07,33.5,99,24489
2025-02-08,34.5,99,5256
2025-02-09,32.0,99,15681
2025-02-10,37.0,99,96042
2025-02-11,30.5,99,14082
2025-02-12,30.5,99,13042
2025-02-13,28.5,99,26880
2025-02-14,28.5,15,20549
2025-02-15,34.5,99,28956
2025-02-16,28.5,98,22445
2025-02-17,11.5,99,36412
2025-02-18,15.5,99,30358
2025-02-19,19.0,99,41738
2025-02-20,24.5,99,33382
2025-02-21,28.5,99,42278
2025-02-22,35.5,99,14815
2025-02-23,46.0,99,25271
2025-02-24,54.0,99,28965
2025-02-25,55.0,99,23173
2025-02-26,51.5,77,42187
2025-02-27,48.0,99,19946
2025-02-28,60.0,99,37782
2025-03-01,36.0,99,79858
2025-03-02,38.5,99,12126
2025-03-03,48.5,99,29335
2025-03-04,49.5,97,34163
2025-03-05,53.5,99,8735
2025-03-06,42.5,99,16648
2025-03-07,40.0,99,27646
2025-03-08,48.0,99,15546
2025-03-09,59.5,99,12958
2025-03-10,69.0,99,30902
2025-03-11,60.0,99,66733
2025-03-12,52.0,99,34443
2025-03-13,57.0,99,6968
2025-03-14,80.5,99,14246
2025-03-15,67.5,99,94714
2025-03-16,44.5,98,36996
2025-03-17,53.5,99,16371
2025-03-18,72.0,99,30949
2025-03-19,62.0,99,41798
2025-03-20,44.5,99,10504
2025-03-21,61.5,99,20957
2025-03-22,49.5,99,22237
2025-03-23,50.5,98,17089
2025-03-24,50.5,99,17211
2025-03-25,52.5,99,28153
2025-03-26,54.5,99,16001
2025-03-27,54.5,99,26617
2025-03-28,77.0,99,14568
2025-03-29,67.5,99,15064
2025-03-30,76.0,99,15596
2025-03-31,48.5,99,14466
2025-04-01,46.5,93,17127
2025-04-02,72.5,96,39368
2025-04-03,58.5,99,25990
2025-04-04,49.5,99,7788
2025-04-05,53.5,99,12891
2025-04-06,48.5,99,6751
2025-04-07,44.0,99,6035
2025-04-08,43.5,99,17247
2025-04-09,44.5,99,5278
2025-04-10,44.5,99,8847
2025-04-11,52.5,99,5107
2025-04-12,61.0,99,11481
2025-04-13,66.5,99,11540
2025-04-14,66.5,99,11671
2025-04-15,58.0,99,14268
2025-04-16,52.0,99,14392
2025-04-17,66.5,99,6111
2025-04-18,80.0,99,19996
2025-04-19,63.0,99,41309
2025-04-20,61.0,99,23960
2025-04-21,63.5,99,21481
2025-04-22,75.5,98,36338
2025-04-23,78.0,99,45534
2025-04-24,76.0,99,24741
2025-04-25,69.0,99,6279
2025-04-26,54.5,99,4270
2025-04-27,69.5,99,4302
2025-04-28,84.5,99,10517
2025-04-29,76.5,99,21082
2025-04-30,60.5,99,18848
2025-05-01,73.0,99,16442
2025-05-02,60.0,99,13533
2025-05-03,54.5,99,5654
2025-05-04,56.5,99,9568
2025-05-05,62.0,99,14292
2025-05-06,77.0,99,13786
2025-05-07,74.0,99,29698
2025-05-08,59.5,99,5093
2025-05-09,64.5,99,7733
2025-05-10,77.5,99,19615
2025-05-11,71.5,99,14077
2025-05-12,80.0,99,54218
2025-05-13,77.5,99,16742
2025-05-14,79.0,99,23360
2025-05-15,94.5,99,15492
2025-05-16,88.5,99,7147
2025-05-17,72.0,99,4344
2025-05-18,62.5,99,14725
2025-05-19,57.5,92,14312
2025-05-20,57.5,99,8467
2025-05-21,53.5,99,8618
2025-05-22,58.5,99,5713
2025-05-23,63.5,99,8321
2025-05-24,64.5,99,9660
2025-05-25,65.5,99,7020
2025-05-26,68.5,99,13424
2025-05-27,67.5,99,12682
2025-05-28,63.5,99,17174
2025-05-29,71.5,99,13863
2025-05-30,74.0,99,22338
2025-05-31,63.5,99,16096
2025-06-01,67.0,99,21580
2025-06-02,84.5,99,28119
2025-06-03,89.5,99,31933
2025-06-04,75.5,99,129084
2025-06-05,72.5,99,14573
2025-06-06,78.0,99,42308
2025-06-07,77.5,99,11421
2025-06-08,82.5,99,15061
2025-06-09,74.5,99,11049
2025-06-10,78.5,99,13311
2025-06-11,90.5,99,25861
2025-06-12,81.5,99,13255
2025-06-13,77.0,99,12195
2025-06-14,76.0,99,11672
2025-06-15,80.5,99,8978
2025-06-16,86.5,99,12103
2025-06-17,91.5,99,16225
2025-06-18,82.5,99,8034
2025-06-19,84.5,99,7526
2025-06-20,86.5,99,18058
2025-06-21,94.5,99,13250
2025-06-22,95.5,99,9161
2025-06-23,95.5,99,5147
2025-06-24,95.0,99,11653
2025-06-25,87.0,99,13863
2025-06-26,94.5,99,13411
2025-06-27,88.5,99,21118
2025-06-28,85.5,99,7075
2025-06-29,93.5,99,7835
2025-06-30,90.5,99,13607
2025-07-01,88.5,99,9748
2025-07-02,90.5,99,13060
2025-07-03,91.5,99,8418
2025-07-04,92.5,99,10617
2025-07-05,93.5,99,12608
2025-07-06,88.5,99,15816
2025-07-07,81.5,99,5836
2025-07-08,85.5,99,10142
2025-07-09,83.5,99,9077
2025-07-10,84.5,99,6740
2025-07-11,90.5,99,11795
2025-07-12,84.5,99,13178
2025-07-13,83.5,99,11488
2025-07-14,86.5,99,15375
2025-07-15,92.5,99,7854
2025-07-16,91.5,99,19430
2025-07-17,75.5,99,68302
2025-07-18,81.5,99,5823
2025-07-19,84.5,99,19503
2025-07-20,78.5,99,9745
2025-07-21,82.5,99,8251
2025-07-22,87.5,99,9371
2025-07-23,93.5,99,13335
2025-07-24,95.5,99,13365
2025-07-25,84.5,99,12592
2025-07-26,84.5,99,16160
2025-07-27,90.5,99,8906
2025-07-28,93.5,99,23734
2025-07-29,92.5,99,16761
2025-07-30,82.5,99,16568
2025-07-31,77.5,99,23954
2025-08-01,77.5,99,7900
2025-08-02,79.5,99,5294
2025-08-03,79.5,99,9891
2025-08-04,81.5,99,11227
2025-08-05,83.5,99,10563
2025-08-06,88.5,99,10469
2025-08-07,90.5,99,16304
2025-08-08,93.5,99,10301
2025-08-09,93.5,99,10805
2025-08-10,92.5,99,42808
2025-08-11,88.5,99,24045
2025-08-12,88.5,99,12367
2025-08-13,85.5,99,10885
2025-08-14,84.5,99,5812
2025-08-15,92.5,99,17609
2025-08-16,95.5,99,24754
2025-08-17,83.5,99,14821
2025-08-18,88.5,99,11576
2025-08-19,83.0,99,12874
2025-08-20,76.5,95,29998
2025-08-21,78.5,99,8797
2025-08-22,81.5,99,6088
2025-08-23,85.5,99,12133
2025-08-24,74.5,99,12032
2025-08-25,71.5,99,12318
2025-08-26,74.5,99,7954
2025-08-27,76.5,99,7491
2025-08-28,78.5,99,15752
2025-08-29,70.5,99,17403
2025-08-30,74.5,99,10085
2025-08-31,76.5,99,9849
2025-09-01,77.5,99,12755
2025-09-02,80.5,99,7803
2025-09-03,73.0,99,26047
2025-09-04,67.5,99,5510
2025-09-05,68.5,99,18339
2025-09-06,69.5,99,4871
2025-09-07,70.5,99,6319
2025-09-08,72.5,99,12120
2025-09-09,77.5,99,12906
2025-09-10,83.5,99,10844
2025-09-11,78.5,99,25456
2025-09-12,84.5,99,5894
2025-09-13,79.0,99,20725
2025-09-14,83.5,99,10045
2025-09-15,84.5,99,11467
2025-09-16,83.5,99,12696
2025-09-17,84.5,99,8216
2025-09-18,88.0,99,26435
2025-09-19,90.0,99,18334
2025-09-20,78.5,99,16137
2025-09-21,83.0,99,9899
2025-09-22,81.0,99,16735
2025-09-23,78.5,99,13189
2025-09-24,74.5,99,4935
2025-09-25,76.5,99,19281
2025-09-26,84.5,99,12607
2025-09-27,89.5,99,22462
2025-09-28,80.5,99,6550
2025-09-29,90.0,99,23413
2025-09-30,83.5,99,10613
2025-10-01,76.5,99,9583
2025-10-02,84.5,99,12088
2025-10-03,89.5,99,21703
2025-10-04,88.5,99,17146
2025-10-05,85.5,99,9203
2025-10-06,85.5,99,15240
2025-10-07,67.5,99,37593
2025-10-08,64.5,99,16197
2025-10-09,62.5,99,10855
2025-10-10,67.5,99,21695
2025-10-11,65.5,99,11439
2025-10-12,68.5,99,17507
2025-10-13,69.0,99,37708
2025-10-14,68.5,99,14455
2025-10-15,62.5,99,11248
2025-10-16,68.5,99,10789
2025-10-17,73.5,99,29028
2025-10-18,73.5,99,13545
2025-10-19,60.0,99,40806
2025-10-20,66.5,99,18816
2025-10-21,56.5,99,41558
2025-10-22,50.5,99,19651
2025-10-23,53.5,99,16452
2025-10-24,53.5,99,18838
2025-10-25,56.5,99,21387
2025-10-26,57.5,99,11914
2025-10-27,56.5,99,21511
2025-10-28,58.5,90,15140
2025-10-29,56.5,99,11836
2025-10-30,57.5,95,28386
2025-10-31,56.5,99,11823
2025-11-01,52.5,99,11312
2025-11-02,54.5,99,8578
2025-11-03,61.5,92,8552
2025-11-04,63.5,99,5073
2025-11-05,62.5,99,7059
2025-11-06,59.5,99,14413
2025-11-07,63.5,99,16108
2025-11-08,50.5,99,20789
2025-11-09,40.5,99,50515
2025-11-10,34.5,99,48670
2025-11-11,42.5,99,12228
2025-11-12,53.5,99,12217
2025-11-13,53.5,99,17185
2025-11-14,68.0,99,26023
2025-11-15,70.5,99,8146
2025-11-16,50.5,99,13143
2025-11-17,46.5,99,20904
2025-11-18,43.5,89,36818
2025-11-19,45.5,99,26007
2025-11-20,50.0,99,29248
2025-11-21,49.5,99,7887
2025-11-22,48.5,99,20348
2025-11-23,55.5,99,11631
2025-11-24,51.5,99,14158
2025-11-25,51.5,99,15785
2025-11-26,43.0,99,22899
2025-11-27,33.5,99,9895
2025-11-28,32.5,99,12311
2025-11-29,32.5,97,18174
2025-11-30,33.5,99,25147
2025-12-01,29.5,99,23834
