kelly_fraction,min_edge,k_factor,home_advantage,roi,sharpe,win_rate,bets_made
0.25,0.03,16,75,238.7461440821785,1.749216657000761,57.638888888888886,144
0.25,0.03,16,100,423.9623154231234,3.2253725233338972,65.94202898550725,138
0.25,0.03,16,125,231.09934840726513,2.2658225323553776,67.14285714285714,140
0.25,0.03,20,75,162.32818303198988,1.5516755048832802,60.30534351145038,131
0.25,0.03,20,100,49.3006609936938,1.26747351441318,59.589041095890416,146
0.25,0.03,20,125,30.39473366759792,-0.03968106352382197,57.14285714285714,161
0.25,0.03,24,75,442.1016463696339,2.9690086418237205,61.64383561643836,146
0.25,0.03,24,100,23.214785867317072,0.22522813305223408,58.67768595041323,121
0.25,0.03,24,125,368.2257790948609,3.4860220382986733,65.95744680851064,141
0.25,0.05,16,75,322.8322586125481,4.5263194725123,72.46376811594203,69
0.25,0.05,16,100,257.7170218495895,3.4375779408400637,59.42028985507246,69
0.25,0.05,16,125,101.20707569935962,2.2410911284414055,68.85245901639344,61
0.25,0.05,20,75,349.45058135091904,4.193845411740705,67.64705882352942,68
0.25,0.05,20,100,31.492166938505058,-0.026535129321377526,58.730158730158735,63
0.25,0.05,20,125,200.26589927535534,3.1625173727237477,59.09090909090909,66
0.25,0.05,24,75,233.02170340704262,3.1321766667257536,57.333333333333336,75
0.25,0.05,24,100,107.63283675942374,2.679484325557251,52.307692307692314,65
0.25,0.05,24,125,589.7712043276124,4.648706924531828,67.10526315789474,76
0.25,0.08,16,75,111.7552595126022,5.93035216552206,72.0,25
0.25,0.08,16,100,34.6460596115123,1.1200714448220055,56.41025641025641,39
0.25,0.08,16,125,62.57779043919616,2.552703013357134,58.620689655172406,29
0.25,0.08,20,75,97.53322815913316,3.343579630216625,50.0,36
0.25,0.08,20,100,261.3632075015929,4.195965458528885,65.625,32
0.25,0.08,20,125,30.75401557299051,3.870747613556217,64.70588235294117,17
0.25,0.08,24,75,38.68391592169057,3.3883164518340982,58.333333333333336,24
0.25,0.08,24,100,121.38869419146437,5.499436607763844,64.0,25
0.25,0.08,24,125,267.72465929298346,6.36114906200659,74.07407407407408,27
0.25,0.1,16,75,63.53022946746953,4.957018635646847,66.66666666666666,18
0.25,0.1,16,100,104.61359373134734,6.805094996490993,68.75,16
0.25,0.1,16,125,51.69073013967515,2.962781979786918,68.18181818181817,22
0.25,0.1,20,75,105.02681890266841,6.884885296935244,64.70588235294117,17
0.25,0.1,20,100,19.662139922398023,2.7491546720856874,60.0,15
0.25,0.1,20,125,0.07406876754828318,0.1544954123339063,51.85185185185185,27
0.25,0.1,24,75,13.74076777506548,-0.29322125753996553,54.54545454545454,22
0.25,0.1,24,100,167.01001805965694,4.724159170815675,66.66666666666666,24
0.25,0.1,24,125,28.893697619889757,1.5268506049483397,57.692307692307686,26
0.5,0.03,16,75,446.8555428270771,2.9561800868423247,62.5,144
0.5,0.03,16,100,275.35099201376755,2.0356983649899623,59.375,128
0.5,0.03,16,125,207.49912090971824,2.231020677424298,64.70588235294117,136
0.5,0.03,20,75,1613.838040941544,3.2504630649384905,66.66666666666666,132
0.5,0.03,20,100,927.7046520300836,3.042383534419582,64.34108527131784,129
0.5,0.03,20,125,1493.5930993481606,2.715824232648501,65.56291390728477,151
0.5,0.03,24,75,861.9612908092314,3.129647237608598,62.31884057971014,138
0.5,0.03,24,100,276.39486679009826,2.243615426462437,59.71223021582733,139
0.5,0.03,24,125,819.2255670836145,3.0367200551113687,64.42953020134227,149
0.5,0.05,16,75,122.87195256256665,2.091913648340196,50.0,58
0.5,0.05,16,100,12.700488331496922,1.7953799124720733,52.85714285714286,70
0.5,0.05,16,125,236.7284136327382,2.701662157672738,61.66666666666667,60
0.5,0.05,20,75,767.7395988801594,3.7523923511635893,60.86956521739131,69
0.5,0.05,20,100,316.2550898079652,3.0339634169677434,57.57575757575758,66
0.5,0.05,20,125,324.3811630989117,2.401495763714532,62.65060240963856,83
0.5,0.05,24,75,659.856447327062,4.059337600649549,61.53846153846154,65
0.5,0.05,24,100,679.0975622640256,4.170500164117131,67.6923076923077,65
0.5,0.05,24,125,174.31021328081852,1.7980922168007978,52.054794520547944,73
0.5,0.08,16,75,570.2428571106068,4.7915002878700435,67.64705882352942,34
0.5,0.08,16,100,-22.829144466223408,-2.8939790908141663,54.54545454545454,22
0.5,0.08,16,125,127.86947998042693,4.651776800402046,65.38461538461539,26
0.5,0.08,20,75,338.33580046023656,8.720319696445896,76.92307692307693,26
0.5,0.08,20,100,230.95226466735693,6.624899431182142,70.0,20
0.5,0.08,20,125,324.57701501969615,4.256049888725248,64.70588235294117,34
0.5,0.08,24,75,463.69960146658434,5.880890749291185,70.37037037037037,27
0.5,0.08,24,100,80.45865831101897,2.4926453955051793,64.1025641025641,39
0.5,0.08,24,125,46.351555133962805,1.4525462667904476,54.83870967741935,31
0.5,0.1,16,75,54.30748225252776,3.3010996325246666,52.17391304347826,23
0.5,0.1,16,100,287.5265546256482,7.145798811004613,66.66666666666666,12
0.5,0.1,16,125,23.698887777017628,2.0985662567182706,50.0,26
0.5,0.1,20,75,247.04742245696832,4.859591244284637,64.70588235294117,17
0.5,0.1,20,100,84.85140428488982,4.187428392018523,64.28571428571429,14
0.5,0.1,20,125,306.59075980198753,6.052524426330757,58.82352941176471,17
0.5,0.1,24,75,97.9945588726816,3.0301775804082576,56.00000000000001,25
0.5,0.1,24,100,105.50806327908427,3.0305839571294686,56.00000000000001,25
0.5,0.1,24,125,56.54006189564493,2.3738270482932604,63.63636363636363,22
0.75,0.03,16,75,9822.396046462276,4.299759488697809,63.87096774193548,155
0.75,0.03,16,100,1908.5279918077872,3.5021770176645597,67.88321167883211,137
0.75,0.03,16,125,800.0441652337198,2.4135937772104827,63.69426751592356,157
0.75,0.03,20,75,4141.6959451341145,4.262153975293513,67.58620689655173,145
0.75,0.03,20,100,269.94841105777357,1.036960545486617,62.23776223776224,143
0.75,0.03,20,125,733.6071003620461,2.92252415013898,61.64383561643836,146
0.75,0.03,24,75,491.66675634322826,2.562660193425779,59.3984962406015,133
0.75,0.03,24,100,2235.9789239250636,3.9584269521363424,67.54966887417218,151
0.75,0.03,24,125,1054.6868577991206,2.3413798629829183,68.21192052980133,151
0.75,0.05,16,75,251.03230775253715,3.2908565347157652,58.2089552238806,67
0.75,0.05,16,100,883.5750337726507,4.625361420786387,67.27272727272727,55
0.75,0.05,16,125,-39.01591450204838,-0.4318365390484406,55.55555555555556,63
0.75,0.05,20,75,1106.203169232931,4.212730476351751,57.14285714285714,70
0.75,0.05,20,100,23.113673455032334,0.8410266903344451,57.57575757575758,66
0.75,0.05,20,125,333.9520970519326,2.9232911167049465,61.42857142857143,70
0.75,0.05,24,75,42.587251804918495,1.5493138735304868,53.96825396825397,63
0.75,0.05,24,100,311.24193547114925,4.05106756458532,70.0,60
0.75,0.05,24,125,261.2617091615115,2.7333292521509045,62.5,64
0.75,0.08,16,75,148.78475315304735,4.9611578410934065,58.333333333333336,24
0.75,0.08,16,100,2261.7939371878283,5.821358537516156,72.97297297297297,37
0.75,0.08,16,125,113.99044160546397,5.704517497039965,76.92307692307693,26
0.75,0.08,20,75,25.792158953294575,2.1121411178845406,59.25925925925925,27
0.75,0.08,20,100,-6.751508244902209,-0.1723273954877306,65.21739130434783,23
0.75,0.08,20,125,47.208309209422666,2.1576723729074696,58.620689655172406,29
0.75,0.08,24,75,335.2019712418801,3.6527204249269576,67.64705882352942,34
0.75,0.08,24,100,166.2023115896953,3.539239011703327,53.84615384615385,26
0.75,0.08,24,125,424.6426098767932,4.864255251767663,65.38461538461539,26
0.75,0.1,16,75,631.2324985183443,6.673924681167223,65.21739130434783,23
0.75,0.1,16,100,155.10668397580548,4.700163633590956,50.0,22
0.75,0.1,16,125,698.6291758879074,7.589215046830373,62.5,24
0.75,0.1,20,75,-24.804308360350934,-2.1285890260236937,46.666666666666664,15
0.75,0.1,20,100,82.32784955856255,5.638399372575455,70.58823529411765,17
0.75,0.1,20,125,215.4087286829741,4.984273000755552,65.21739130434783,23
0.75,0.1,24,75,121.67052750144333,9.196269609889011,78.57142857142857,14
0.75,0.1,24,100,-12.378617876893328,0.2279406013163624,51.85185185185185,27
0.75,0.1,24,125,-34.42802512593329,-3.197808125129695,56.52173913043478,23
