date,actual_temp,forecast_ensemble,wind_speed,wind_dir,wind_north_component,wind_east_component,wind_advection_warm,wind_advection_cold,wind_advection_neutral,temp_850mb,temp_850mb_change_24hr,airmass_warming,airmass_cooling,airmass_stable
2025-01-01,36.0,31.50609863281254,16.00710222851501,280.1158544425999,0.1756391434395214,-0.9844546161666525,0,0,1,9.80941894531254,-16.562933349609377,0,1,0
2025-01-02,33.0,29.703187255859415,12.123998019937844,262.66337360601347,-0.1276986522773502,-0.9918130137311914,0,0,1,13.947858886718791,3.7629821777343757,0,0,1
2025-01-03,27.0,19.77841308593754,17.002716569720256,300.55401308232183,0.5083504004046515,-0.8611503181259532,0,1,0,0.6447613525391027,-15.788973999023437,0,1,0
2025-01-04,26.0,15.829047851562542,11.376479823911225,278.78593610601706,0.15274325989829923,-0.9882659037706606,0,0,1,10.075507812500042,3.9747436523437507,0,0,1
2025-01-05,30.0,20.20413330078129,10.392697271392251,355.00042161947704,0.9961953394132115,-0.08714841209911106,0,1,0,17.10159423828129,6.268688964843751,1,0,0
2025-01-06,32.0,30.106605224609417,30.98067231314363,15.317590684333496,0.9644763599209925,0.2641691714669828,0,1,0,8.13949707031254,-9.147821044921876,0,1,0
2025-01-07,28.0,22.97136962890629,10.215092278336824,321.5648551407832,0.7833123019005482,-0.6216283758736119,0,1,0,14.645270996093792,4.604425048828126,0,0,1
2025-01-08,28.0,20.39024169921879,11.476880632445258,296.96123999456177,0.45338763915597874,-0.8913134401884492,0,1,0,7.576228027343792,-9.15216064453125,0,1,0
2025-01-09,29.0,24.327247314453167,14.83711881893816,190.7657151921,-0.9823992006143366,-0.1867934972966471,1,0,0,26.88667724609379,20.41094970703125,1,0,0
2025-01-10,30.0,28.63877685546879,12.407661782529308,230.33124963657286,-0.6383480850499044,-0.7697478303399887,1,0,0,18.44676025390629,-3.6242248535156243,0,0,1
2025-01-11,33.0,29.47472656250004,7.307869427878619,257.2243496003649,-0.22113405797199936,-0.9752434200776934,0,0,1,11.496589355468792,-6.868762207031249,0,1,0
2025-01-12,36.0,31.89171875000004,13.592278680435298,200.96498024144728,-0.9337992902078145,-0.35779726886518004,1,0,0,25.49833496093754,11.906597900390626,1,0,0
2025-01-13,21.0,17.87217529296879,16.065687730132385,265.61978795186656,-0.07637467652193076,-0.9970791888241226,0,0,1,4.611182861328167,-20.327069091796872,0,1,0
2025-01-14,18.0,15.694575195312542,15.541835572019597,294.10017938598423,0.40833331835005265,-0.9128328987965073,0,1,0,3.4565197753906673,-3.481732177734372,0,0,1
2025-01-15,20.0,20.01275146484379,14.838028014552364,229.3035635698743,-0.6520512496251802,-0.7581748926614761,1,0,0,14.69844482421879,17.74459533691406,1,0,0
2025-01-16,39.0,31.282801513671917,11.30542229993163,308.7457141767602,0.6258651337270426,-0.7799313010674922,0,1,0,17.832569580078165,2.720654296874997,0,0,1
2025-01-17,46.0,34.79210937500004,18.833643379331615,200.27662012125725,-0.9380304256508515,-0.34655291162141794,1,0,0,41.037672119140666,22.176837158203124,1,0,0
2025-01-18,42.0,24.22677734375004,20.577012736440015,332.6121115293429,0.8879126451214575,-0.46001210270319703,0,1,0,5.2496533203125395,-34.24345092773438,0,1,0
2025-01-19,17.0,8.12411621093754,17.595708070507257,304.39782557396325,0.5649356892234441,-0.8251349386867777,0,1,0,-10.679011840820273,-21.687808227539065,0,1,0
2025-01-20,13.0,10.48683593750004,19.14164226587342,259.3564710898569,-0.1846980558519295,-0.9827953134628378,0,0,1,-14.967250366210898,-4.846261596679689,0,0,1
2025-01-21,2.0,2.3155895996094173,15.826892758099753,262.57778659469136,-0.12918005488321466,-0.9916211541815603,0,0,1,-17.112578124999956,-2.4536315917968707,0,0,1
2025-01-22,26.0,19.77017333984379,24.71009136064305,201.2083824133248,-0.9322708853060185,-0.3617609658472464,1,0,0,13.578883056640667,32.71327514648438,1,0,0
2025-01-23,26.0,18.969324951171917,17.05867675720605,318.07013826654133,0.7439633804660467,-0.6682203891872294,0,1,0,-1.3358264160155855,-16.534094238281252,0,1,0
2025-01-24,24.0,18.471809082031292,13.731324211757235,219.49096532095717,-0.7717248737223773,-0.6359565388280718,1,0,0,9.44082763671879,6.313458251953126,1,0,0
2025-01-25,44.0,31.02522705078129,10.398457398119492,238.78417196703307,-0.5182632850833325,-0.8552211218945849,1,0,0,18.304102783203167,11.96015625,1,0,0
2025-01-26,33.0,25.42659423828129,11.271885979736684,258.8823892721908,-0.1928235726272306,-0.9812334430905172,0,0,1,14.419117431640665,-5.766339111328126,0,1,0
2025-01-27,45.0,32.25146606445317,20.81677013957245,232.7656267814309,-0.6050768649117656,-0.7961670600750504,1,0,0,29.571845703125042,15.334277343750003,1,0,0
2025-01-28,49.0,31.46380126953129,16.340815689379156,228.61975861660477,-0.6610531480167773,-0.750339080347751,1,0,0,29.29070556640629,3.2218505859374993,0,0,1
2025-01-29,48.0,34.05706909179692,13.278637138135146,300.77781068205184,0.5117101713626191,-0.8591581347598584,0,1,0,20.01242187500004,-11.84161376953125,0,1,0
2025-01-30,49.0,43.51349609375004,13.908979310271972,214.23879896998332,-0.826699758797922,-0.5626433228995591,1,0,0,42.698475341796915,19.890527343749998,1,0,0
2025-01-31,41.0,33.90045898437504,21.77078959357699,21.000356819180464,0.9335781946819367,0.3583737635687298,0,1,0,33.63129394531254,-9.670111083984374,0,1,0
2025-02-01,35.0,30.953870849609416,15.766452937550392,126.95685695958498,-0.6012134895580602,0.7990884431484542,1,0,0,30.25113037109379,-5.570837402343752,0,1,0
2025-02-02,45.0,37.01475341796879,9.690299112757943,212.714030853455,-0.8413784601853797,-0.5404463772994315,1,0,0,41.67273681640629,12.911627197265627,1,0,0
2025-02-03,48.0,46.50133789062504,11.273182739271995,282.44059546506827,0.21542726947371268,-0.9765198879526726,0,0,1,46.17207763671879,7.432196044921874,1,0,0
2025-02-04,35.0,26.804005126953165,19.060539389554865,0.29146051088519137,0.9999870615203637,0.005086923615358616,0,1,0,20.93615234375004,-27.93779296875,0,1,0
2025-02-05,32.0,26.622620849609415,12.502646195265646,111.33927435429673,-0.36388978848233783,0.9314420120642398,0,0,1,22.40843017578129,3.6377929687499986,0,0,1
2025-02-06,39.0,33.241608886718794,17.11932331177819,268.197879148859,-0.03144775662687561,-0.9995053969854975,0,0,1,31.27154052734379,8.531817626953124,1,0,0
2025-02-07,33.0,22.46621826171879,5.758695597459535,265.1505637131223,-0.08453761200170361,-0.9964202889127908,0,0,1,18.579859619140667,-12.224707031249999,0,1,0
2025-02-08,34.0,30.93557861328129,13.043003656102515,108.12918688885647,-0.3111605889611477,0.9503573474632327,0,0,1,24.64744384765629,6.3533935546875,1,0,0
2025-02-09,33.0,27.192756347656292,8.572628241001283,280.65795463983034,0.1849454947398096,-0.9827487796865724,0,0,1,14.268989257812542,-11.962902832031247,0,1,0
2025-02-10,37.0,30.49348876953129,7.962700570708268,279.61394269502307,0.16700867990324608,-0.9859554253803643,0,0,1,15.22567871093754,2.2610961914062493,0,0,1
2025-02-11,30.0,27.442695312500042,16.756176894416626,4.425723499544554,0.9970182079860527,0.07716665694637882,0,1,0,12.941511230468791,-1.9031616210937514,0,0,1
2025-02-12,30.0,27.64802978515629,20.86188618977358,58.20673048556375,0.5268559557030945,0.8499545881634964,0,1,0,14.502998046875042,2.888250732421877,0,0,1
2025-02-13,28.0,18.90335205078129,16.812176612752317,277.0280895148483,0.12235592897658398,-0.9924862853683557,0,0,1,4.580201416015665,-8.76610107421875,0,1,0
2025-02-14,28.0,23.674769287109417,13.77632610682278,172.07943387231757,-0.9904600641710937,0.13780007722128798,1,0,0,18.28460205078129,13.626013183593752,1,0,0
2025-02-15,35.0,30.66454589843754,3.6362531891895666,41.123736464554966,0.7532909905819763,0.6576873752080276,0,1,0,26.45919921875004,6.7137451171875,1,0,0
2025-02-16,29.0,27.433356933593792,21.737738598686253,325.07298825993973,0.8198820501154349,-0.5725324653663856,0,1,0,11.946479492187542,-14.426367187499999,0,1,0
2025-02-17,12.0,11.98921630859379,18.496305451475028,275.6666489403895,0.09874052523367483,-0.9951132139995821,0,0,1,-4.029701538085895,-15.42648010253906,0,1,0
2025-02-18,16.0,12.337592773437542,12.400235141398316,333.7921446307579,0.8971978298809481,-0.441628864610226,0,1,0,-6.660432739257772,-5.8951263427734375,0,1,0
2025-02-19,19.0,15.286488037109415,11.002465017036183,349.6986214516908,0.9838807356304711,-0.1788258875421654,0,1,0,0.6829937744141041,7.2204895019531286,1,0,0
2025-02-20,25.0,21.63784912109379,11.105428516963949,317.9735409118903,0.7428357429350922,-0.6694737179442294,0,1,0,6.729291992187541,6.355975341796874,1,0,0
2025-02-21,29.0,27.47554443359379,4.78382675780579,252.69249894469738,-0.2974998670106622,-0.9547218595636314,0,0,1,16.61885498046879,12.49420166015625,1,0,0
2025-02-22,35.0,27.896375732421916,16.228049270560145,229.3974341297312,-0.6508082189724348,-0.7592421630270063,1,0,0,22.74516113281254,2.6176025390624993,0,0,1
2025-02-23,47.0,33.27671020507817,7.487194404922883,204.35802231488145,-0.9109860768354147,-0.41243710770494457,1,0,0,32.32348144531254,11.984765624999998,1,0,0
2025-02-24,57.0,45.49141967773441,12.690120426789468,235.5030158482557,-0.5663628570370801,-0.824156001111923,1,0,0,46.74688232421879,14.870764160156249,1,0,0
2025-02-25,57.0,35.74737060546879,10.09837300290831,11.667168545947955,0.9793388504140941,0.2022261508054799,0,1,0,31.99894531250004,-14.653454589843747,0,1,0
2025-02-26,51.0,41.751618652343794,2.5562310030989606,239.83877872566165,-0.5024348760662644,-0.864615056144801,1,0,0,42.36641357421879,8.815045166015622,1,0,0
2025-02-27,51.0,38.39002197265629,13.489519729776266,288.29605479250995,0.3139270807655443,-0.9494470959258464,0,0,1,24.22106445312504,-12.10869140625,0,1,0
2025-02-28,60.0,48.06117675781254,17.2217798837011,241.95636057778023,-0.4701439249956159,-0.8825897630211427,1,0,0,44.01732910156254,17.34779663085937,1,0,0
2025-03-01,36.0,21.307874755859416,16.0218320916807,354.4501087048566,0.99531236165154,-0.09671247460195598,0,1,0,0.7633587646484798,-38.08468322753906,0,1,0
2025-03-02,38.0,29.036866455078165,3.9756965462476663,280.04369091623585,0.1743990925958194,-0.9846750512233743,0,0,1,11.466047363281291,10.03721923828125,1,0,0
2025-03-03,49.0,35.35087402343754,10.147172471839413,170.94294078492007,-0.9875320622723341,0.15741799765004888,1,0,0,34.86033447265629,24.516485595703124,1,0,0
2025-03-04,49.0,39.871857910156294,11.526639075402631,193.18377710789858,-0.9736435197697647,-0.22807519902511053,1,0,0,43.73256347656254,5.880816650390621,1,0,0
2025-03-05,54.0,36.687855224609415,5.396155523816971,119.49384095764529,-0.49232999787882215,0.8704086242614092,1,0,0,36.492463378906294,-10.73419189453125,0,1,0
2025-03-06,43.0,34.287672119140666,13.480859318893813,296.4734740163393,0.44578344134629905,-0.895140839991926,0,1,0,21.64861572265629,-13.684625244140623,0,1,0
2025-03-07,40.0,34.16577880859379,5.366067196942923,118.10560744673128,-0.47109821131565477,0.8820807646101295,1,0,0,24.912708740234415,4.579376220703125,0,0,1
2025-03-08,51.0,37.30649536132817,12.967743243679928,227.22756449465922,-0.6790882346747044,-0.7340566528043961,1,0,0,24.081922607421916,-2.1537597656250007,0,0,1
2025-03-09,59.0,44.50545166015629,12.002187178664173,234.57086276587256,-0.579695623055556,-0.81483310230392,1,0,0,38.57409790039067,15.661999511718754,1,0,0
2025-03-10,70.0,53.114228515625044,11.372464679259938,225.87922127330236,-0.6961731844922758,-0.7178738727617016,1,0,0,45.82617309570317,11.633642578125006,1,0,0
2025-03-11,60.0,35.58653076171879,27.15730283958574,4.102012396999738,0.9974382711142993,0.07153247735481888,0,1,0,42.39464843750004,-1.2204711914062543,0,0,1
2025-03-12,53.0,37.358021240234415,8.53335733667613,41.92412761951651,0.7440302516808002,0.6681459306048381,0,1,0,46.49903076171879,2.5656372070312514,0,0,1
2025-03-13,60.0,35.52901733398441,6.392838937452301,37.60455069744498,0.7922411802879155,0.6102080893072549,0,1,0,46.67547119140629,0.6543457031249957,0,0,1
2025-03-14,80.0,56.34333007812504,17.78155431618636,157.33650217600723,-0.922783756461231,0.385318230572211,1,0,0,50.88554199218754,4.394201660156249,0,0,1
2025-03-15,67.0,51.18827026367192,21.873901673947604,198.98694983501196,-0.9455927051930377,-0.3253527868110443,1,0,0,41.30414550781254,-12.928491210937501,0,1,0
2025-03-16,44.0,34.98854492187504,14.098132684994793,307.32692222955586,0.6063621116646318,-0.7951886502821884,0,1,0,17.512647705078166,-25.349249267578124,0,1,0
2025-03-17,54.0,42.62645996093754,14.522428859673761,181.83353592974692,-0.9994880040494878,-0.03199577723967771,1,0,0,36.52146728515629,19.226239013671876,1,0,0
2025-03-18,73.0,46.28891723632817,11.104139143602035,137.87643930707165,-0.741700091004493,0.6707316713887357,1,0,0,50.93717773437504,16.26119384765625,1,0,0
2025-03-19,50.0,40.940992431640666,12.71099214960888,9.770146718612011,0.985496450345895,0.16969604107238628,0,1,0,47.57360351562504,-6.81976318359375,0,1,0
2025-03-20,45.0,34.95075195312504,22.37051921090562,339.14419833618,0.9344793863441611,-0.3560172418547172,0,1,0,13.178541259765666,-32.92196044921875,0,1,0
2025-03-21,61.0,45.871107177734416,17.54212267549878,203.81688229380788,-0.9148407228611612,-0.40381487317193754,1,0,0,39.401643066406294,23.517883300781254,1,0,0
2025-03-22,50.0,36.67203491210942,9.225145303623517,319.32599782260144,0.7584301462300324,-0.6517543350753348,0,1,0,14.780512695312542,-24.250341796875002,0,1,0
2025-03-23,50.0,39.138520507812544,19.752772054247703,149.58300154663434,-0.8623635016704487,0.5062896315219994,1,0,0,34.70630615234379,17.54176025390625,1,0,0
2025-03-24,51.0,35.85091674804691,20.12449778252226,278.6859024333854,0.1510175977841727,-0.9885310744531494,0,0,1,17.228541259765667,-17.294897460937502,0,1,0
2025-03-25,52.0,35.780164794921916,10.75503214463253,23.26393639159691,0.9186951670855343,0.3949673277293733,0,1,0,19.73281982421879,2.1399719238281243,0,0,1
2025-03-26,54.0,38.405183105468794,7.657395582565106,103.21558167779774,-0.22861562798467572,0.9735167664920683,0,0,1,23.88378417968754,1.5412719726562507,0,0,1
2025-03-27,55.0,43.729157714843794,12.744759726466121,203.413006270293,-0.9176644485780074,-0.3973562127562893,1,0,0,34.66845825195317,8.603118896484379,1,0,0
2025-03-28,80.0,57.743702392578165,16.780783564590177,215.8028858313158,-0.8110343552463571,-0.584998525305941,1,0,0,52.330903320312544,15.353173828125001,1,0,0
2025-03-29,68.0,62.34746826171879,13.219289707371097,212.24780446372802,-0.8457482688374,-0.5335821077946121,1,0,0,50.335401611328166,-7.095629882812503,0,1,0
2025-03-30,78.0,60.82218139648442,10.174538280917531,202.13509654537393,-0.9262980007861813,-0.3767917378864929,1,0,0,54.74701660156254,4.7230224609375,0,0,1
2025-03-31,48.0,36.66654174804692,16.859061073393004,353.2279383098351,0.993023125665613,-0.11791976888247463,0,1,0,25.335242919921917,-27.747015380859374,0,1,0
2025-04-01,47.0,36.298719482421916,12.785133600829651,92.32228447979996,-0.04052041370196253,0.9991787107787184,0,0,1,28.794947509765667,3.174444580078127,0,0,1
2025-04-02,72.0,43.45894897460941,17.045308019093675,90.74470771078042,-0.01299723555716676,0.9999155323665452,0,0,1,55.065949707031294,24.87101440429688,1,0,0
2025-04-03,58.0,44.99730957031254,11.475328102599095,260.4667773137366,-0.1656194711151231,-0.9861897336656608,0,0,1,40.97400634765629,-14.967333984374996,0,1,0
2025-04-04,50.0,41.65043457031254,12.623779083914155,58.94072020745016,0.5159246480022712,0.8566339694313625,0,1,0,41.53804443359379,4.697479248046875,0,0,1
2025-04-05,54.0,44.05501220703129,13.525023956918796,353.66913784153485,0.9939017032858164,-0.11026968851662257,0,1,0,29.67577636718754,-13.3125732421875,0,1,0
2025-04-06,48.0,40.26434448242192,5.5646800762313156,113.40408298871607,-0.39721329028606955,0.917726321961027,1,0,0,24.71116455078129,-9.459667968749997,0,1,0
2025-04-07,47.0,34.952344970703166,30.253804352919968,356.1280818295329,0.9977174946838853,-0.06752629711239419,0,1,0,15.35213134765629,-7.76788330078125,0,1,0
2025-04-08,44.0,33.124989013671915,9.187581194449495,60.15420860627425,0.49766732957537824,0.8673679894216247,0,1,0,12.746394042968792,-3.3738464355468736,0,0,1
2025-04-09,44.0,40.92368896484379,16.63444565246944,169.3375135858749,-0.9827341484629037,0.18502322406901123,1,0,0,31.440784912109415,17.900958251953124,1,0,0
2025-04-10,45.0,39.869276123046916,13.718079756688837,7.706370770109599,0.9909682955424363,0.13409637291783366,0,1,0,35.62388427734379,2.2252258300781236,0,0,1
2025-04-11,52.0,40.56866577148442,10.13173204466062,31.31454313839994,0.8543269353333575,0.5197359787083372,0,1,0,22.207984619140667,-12.87158203125,0,1,0
2025-04-12,61.0,43.573536376953165,13.170553636988684,105.38017766295023,-0.26522255828921765,0.9641872196697706,0,0,1,31.864197998046915,7.467462158203123,1,0,0
2025-04-13,66.0,46.97512329101566,15.232538303494998,158.24865066128493,-0.928800825837256,0.3705793112466361,1,0,0,50.03278320312504,18.456207275390625,1,0,0
2025-04-14,66.0,54.55283325195317,18.406337063378647,266.4952368250323,-0.06113151734987696,-0.9981297198192737,0,0,1,39.23272827148442,-10.160870361328122,0,1,0
2025-04-15,58.0,43.93822753906254,21.79002682728137,299.9877773363852,0.49981524312865344,-0.8661320469398677,0,1,0,21.658009033203165,-18.87484130859375,0,1,0
2025-04-16,50.0,38.63556640625004,9.883024937777849,57.13696962153959,0.5426325792357194,0.8399701684893284,0,1,0,27.99519775390629,4.022973632812498,0,0,1
2025-04-17,66.0,53.25199707031254,15.734807699908213,161.4390394063405,-0.9479855180730852,0.3183134579682492,1,0,0,46.23739135742191,14.920477294921874,1,0,0
2025-04-18,78.0,67.43974121093754,21.993426644087542,204.35184927675633,-0.9110305074560728,-0.4123389558170928,1,0,0,59.47761962890629,10.833563232421874,1,0,0
2025-04-19,62.0,46.72194335937504,10.109994863721548,108.48699151675517,-0.3170893400074245,0.9483956718868217,0,0,1,33.43310058593754,-24.589654541015626,0,1,0
2025-04-20,64.0,47.04307373046879,11.624884616728322,94.13106976962844,-0.07203831578581428,0.9974018653776137,0,0,1,40.15321777343754,2.722412109375,0,0,1
2025-04-21,64.0,48.563142089843794,23.429145830738516,250.94744678699408,-0.3264352721723819,-0.9452195581354329,0,0,1,33.798450927734415,-14.445318603515624,0,1,0
2025-04-22,75.0,56.43698852539067,14.497227843395185,169.76613644661538,-0.9840907735940422,0.17766639898157366,1,0,0,46.52303588867191,9.415008544921875,1,0,0
2025-04-23,78.0,51.55147827148441,6.637574697626443,128.31274317706433,-0.6199535588886645,0.7846385058237195,1,0,0,49.08367431640629,2.2380249023437457,0,0,1
2025-04-24,77.0,49.18359497070317,18.025919041973268,356.71089209481306,0.9983527416638007,-0.05737423822912515,0,1,0,52.010816650390666,-0.19066772460937642,0,0,1
2025-04-25,61.0,47.239289550781294,15.725572571252163,349.1375211527041,0.9820823346193968,-0.18845234949056822,0,1,0,50.78578613281254,-1.0764404296875014,0,0,1
2025-04-26,54.0,42.97571533203129,25.94146408670505,1.9527266332723126,0.9994192815816548,0.03407491163317937,0,1,0,35.91205566406254,-16.980578613281246,0,1,0
2025-04-27,70.0,49.728406982421916,10.086228754106717,77.7572548470754,0.21205393250701846,0.9772579647709754,0,0,1,41.92564208984379,5.368634033203122,1,0,0
2025-04-28,85.0,59.33336914062504,14.829192016692067,169.84091586483888,-0.9843218161522838,0.17638186484633164,1,0,0,55.76940429687504,14.571936035156249,1,0,0
2025-04-29,77.0,59.96815917968754,13.251574745731014,274.83489028602224,0.08428464247348053,-0.9964417188391489,0,0,1,51.80597656250004,-4.885400390625001,0,0,1
2025-04-30,61.0,44.40734375000004,14.729851240103407,53.04238572497776,0.6012240515751898,0.79908049645046,0,1,0,47.317841796875044,-1.3113281249999957,0,0,1
2025-05-01,73.0,56.883472900390665,12.30740124660382,250.9584790566114,-0.32625326463616666,-0.9452823955380971,0,0,1,47.80662353515629,2.915661621093747,0,0,1
2025-05-02,60.0,48.99649780273442,7.365408226245227,107.84291930829492,-0.3064084433023851,0.9519001344011929,0,0,1,38.92022216796879,-12.618786621093754,0,1,0
2025-05-03,55.0,46.51331298828129,24.642039895888384,7.095050953059687,0.9923426105285942,0.12351576146101728,0,1,0,35.49083984375004,-4.034838867187503,0,0,1
2025-05-04,57.0,46.79071777343754,23.995709255389897,3.3302498005332546,0.9983112860523097,0.05809110207754281,0,1,0,39.69162719726567,2.3696960449218736,0,0,1
2025-05-05,63.0,51.04308593750004,11.283833553151492,5.82870540908786,0.9948299543717561,0.10155472359614573,0,1,0,38.695936279296916,-1.5311096191406222,0,0,1
2025-05-06,77.0,56.057081298828166,3.785350240583539,5.203333880995418,0.9958791232739732,0.09069052776923567,0,1,0,43.666370849609415,1.857513427734375,0,0,1
2025-05-07,74.0,48.854444580078166,23.327474769011904,1.0129207118441284,0.9998437340590669,0.017677880608881633,0,1,0,53.397510986328165,8.031774902343749,1,0,0
2025-05-08,59.0,47.54882934570317,21.88222598516212,43.555784480573706,0.7247038295629982,0.6890604903901579,0,1,0,44.43513916015629,-9.315966796875003,0,1,0
2025-05-09,65.0,46.020356445312544,9.517684155144076,22.95901581531936,0.920784111411369,0.3900725832103247,0,1,0,44.78719604492191,2.365795898437497,0,0,1
2025-05-10,77.0,51.33120239257816,23.19812878046157,2.255279316857657,0.9992254145421772,0.03935188601597412,0,1,0,55.57236450195317,11.709063720703128,1,0,0
2025-05-11,72.0,51.71814086914067,7.786878478181861,36.5346011356609,0.8034974983489941,0.5953081304223119,0,1,0,56.84672363281254,3.1758178710937486,0,0,1
2025-05-12,81.0,53.955946044921916,11.31923657938358,16.444244283397243,0.9590956620890542,0.28308216291733906,0,1,0,55.62317626953129,2.2018798828124986,0,0,1
2025-05-13,78.0,53.65508544921879,6.6816369743134905,32.19408780091892,0.8462481477079676,0.5327889568120137,0,1,0,53.61712768554692,-3.3398986816406193,0,0,1
2025-05-14,80.0,54.96624877929692,8.19688852145033,25.99211581368138,0.8988543598556633,0.4382474640753391,0,1,0,55.27238281250004,1.0991271972656236,0,0,1
2025-05-15,95.0,59.78600585937504,14.074817221341,111.67501756805156,-0.36934159646576287,0.9292937022922956,0,0,1,62.30945556640629,7.708776855468749,1,0,0
2025-05-16,89.0,72.69367797851567,13.29878176848498,183.25139250782678,-0.9983902924096825,-0.05671705230447681,1,0,0,60.82366455078129,-0.9286743164062514,0,0,1
2025-05-17,72.0,59.26442993164066,20.522714854961556,270.66387535243393,0.011586551461582927,-0.9999328736596412,0,0,1,38.761304931640666,-20.284661865234376,0,1,0
2025-05-18,62.0,50.60572021484379,10.357644054100716,24.87796717523954,0.9072058545810011,0.42068698270086213,0,1,0,38.276643066406294,-1.0778686523437457,0,0,1
2025-05-19,57.0,48.86010253906254,18.61415605600753,35.00836243170556,0.8190683209555518,0.5736959870933848,0,1,0,50.86829345703129,10.769458007812503,1,0,0
2025-05-20,58.0,53.890961914062544,27.786681125234267,117.11560599847213,-0.4557873629854483,0.890088692065443,1,0,0,51.03588989257817,0.9620727539062557,0,0,1
2025-05-21,54.0,50.55946777343754,17.435181976759505,351.81104727069095,0.9898037129721245,-0.1424380910662459,0,1,0,46.11077392578129,-4.941540527343754,0,0,1
2025-05-22,58.0,50.98364990234379,20.056905677880962,0.5009833074663683,0.9999617731525199,0.00874369679646096,0,1,0,34.95954101562504,-8.166796874999996,0,1,0
2025-05-23,64.0,49.52158935546879,9.449788525260262,36.10318336379967,0.8079571467955117,0.5892412485069727,0,1,0,37.82356689453129,4.063513183593749,0,0,1
2025-05-24,65.0,49.73681152343754,10.764592940339005,45.17313542504177,0.7049668326780343,0.7092402729850444,0,1,0,34.27240112304692,-1.17169189453125,0,0,1
2025-05-25,66.0,52.09041259765629,11.355173100554076,39.95963002490932,0.7664971540008189,0.6422477037005621,0,1,0,38.216383056640666,-1.1286804199218778,0,0,1
2025-05-26,68.0,52.60973632812504,17.258936052386066,14.29853549449741,0.9690220444944917,0.24697424417075436,0,1,0,40.36052978515629,-0.30498046875000284,0,0,1
2025-05-27,68.0,56.35579956054691,12.633037423304424,30.458420777687852,0.8619972512404908,0.5069129499764613,0,1,0,44.277924804687544,3.63262939453125,0,0,1
2025-05-28,64.0,55.33335693359379,12.25287528337106,21.36079834387439,0.9313052458726766,0.36423967248232786,0,1,0,45.303883056640665,-0.511138916015625,0,0,1
2025-05-29,71.0,58.26088378906254,6.6360031521563005,106.27170448402707,-0.2801926749504255,0.9599437821581663,0,0,1,43.96047485351566,0.794036865234375,0,0,1
2025-05-30,74.0,62.017713623046916,4.159673472686923,129.52726553941403,-0.6364453438833022,0.77132180330214,1,0,0,51.77598388671879,8.654919433593747,1,0,0
2025-05-31,64.0,53.91304443359379,20.23739048929485,0.7525404766591196,0.999913746202579,0.013133931442046345,0,1,0,45.76668212890629,-5.673559570312499,0,1,0
2025-06-01,66.0,55.24601562500004,10.039534757247187,80.22287877241301,0.1698160024699573,0.9854757862601817,0,0,1,47.98229492187504,1.8766845703124986,0,0,1
2025-06-02,85.0,62.800874023437544,8.068613157404496,118.34074645293855,-0.4747142491751309,0.8801399784296199,1,0,0,58.27895629882816,12.209930419921875,1,0,0
2025-06-03,89.0,76.37151611328129,20.736387907189833,196.54540019049148,-0.9585943850089107,-0.2847750077331018,1,0,0,61.63972900390629,4.765209960937497,0,0,1
2025-06-04,75.0,58.40238769531254,12.433898995418303,356.91735750216765,0.9985530074415362,-0.0537763082543177,0,1,0,52.14402587890629,-9.653466796875001,0,1,0
2025-06-05,72.0,59.246082763671915,12.439322640020597,14.30300985256202,0.9690027547579039,0.24704991655856415,0,1,0,52.86714599609379,-0.7732177734375014,0,0,1
2025-06-06,78.0,59.31430786132817,8.673180890274958,14.212074660835036,0.9693936316545402,0.24551168385154643,0,1,0,53.800874023437544,-0.6329223632812457,0,0,1
2025-06-07,78.0,60.57592285156254,6.439731948779736,50.97641950625387,0.6296401778025839,0.7768868942753061,0,1,0,53.637727050781294,0.7847534179687514,0,0,1
2025-06-08,82.0,61.77288330078129,8.849805493161195,109.07043044552847,-0.32673018044081453,0.9451176589129593,0,0,1,53.482435302734416,0.014721679687497158,0,0,1
2025-06-09,74.0,67.2662670898438,12.793811982531253,229.65012241184343,-0.647453458591405,-0.7621049920831301,1,0,0,50.97760742187504,-3.5553955078124986,0,0,1
2025-06-10,79.0,66.7604565429688,12.96200651492258,262.52851409091596,-0.13003276889809118,-0.9915096968828372,0,0,1,48.04722412109379,-3.212677001953125,0,0,1
2025-06-11,91.0,76.12624633789066,16.77377402344776,232.6044594848152,-0.6073140064543804,-0.7944618918263662,1,0,0,65.54212768554692,16.269543457031247,1,0,0
2025-06-12,82.0,60.836353759765665,10.860102892593288,10.723252527693498,0.9825373659565946,0.1860653769487404,0,1,0,61.82737548828129,-5.224108886718753,0,1,0
2025-06-13,72.0,65.02637451171879,12.288919248943841,167.26989364997817,-0.9754188900045044,0.22035877341821555,1,0,0,57.77935302734379,-3.781878662109378,0,0,1
2025-06-14,75.0,63.62847412109379,11.947010736624136,10.338360632298798,0.9837651058857616,0.17946090505058845,0,1,0,55.81620605468754,0.44868164062499716,0,0,1
2025-06-15,81.0,64.92799194335942,7.237457935018715,45.035014799658796,0.7066745195711999,0.7075387787173321,0,1,0,56.970429687500044,-0.7126281738281222,0,0,1
2025-06-16,86.0,66.07831542968754,9.359521769240057,75.78764570396692,0.24551641502747146,0.9693924334097406,0,0,1,59.715913085937544,1.2504638671875057,0,0,1
2025-06-17,92.0,72.52141235351567,11.373098360905896,314.8476111757872,0.7052235998725447,-0.7089849604771663,0,1,0,61.47163818359379,2.4693969726562486,0,0,1
2025-06-18,83.0,69.74538696289066,2.4660784436597707,177.29637386307084,-0.9988868916871109,0.047169668386178004,1,0,0,60.73368652343754,-3.8719116210937443,0,0,1
2025-06-19,84.0,70.5621655273438,6.481939144476273,268.4020736520365,-0.027885460760450086,-0.9996111249271775,0,0,1,55.586701660156294,-6.323785400390619,0,1,0
2025-06-20,86.0,67.95159423828129,9.913213681815135,146.38973729284882,-0.8328221049451167,0.5535407315769861,1,0,0,62.82910888671879,6.687762451171878,1,0,0
2025-06-21,95.0,82.80807617187504,18.88957782074088,213.81661636398215,-0.8308231028944656,-0.5565365861260266,1,0,0,70.21752441406254,9.965588378906247,1,0,0
2025-06-22,95.0,82.51518066406254,16.050540420117475,207.25771449060116,-0.8889554837904062,-0.4579936111333484,1,0,0,68.78073242187504,-0.6279785156250028,0,0,1
2025-06-23,95.0,81.54690063476566,15.133352991474439,223.83416510554048,-0.7213473792744202,-0.69257343178462,1,0,0,68.5055249023438,-1.4623352050781193,0,0,1
2025-06-24,96.0,59.48179443359379,8.493561722379306,61.276844762752496,0.48057794379530433,0.8769520168957234,0,1,0,65.84848144531254,-3.062878417968747,0,0,1
2025-06-25,89.0,57.213392333984416,4.257296925974414,62.15036495853991,0.46715277322575494,0.8841766149743423,0,1,0,64.18053710937504,-2.3606323242187557,0,0,1
2025-06-26,95.0,64.93546264648441,12.213089332667414,130.1171726869872,-0.6443528630147204,0.7647283098753002,1,0,0,67.7002270507813,2.9518066406250085,0,0,1
2025-06-27,89.0,77.1260571289063,14.381703948072028,247.60028856697136,-0.38106571992133675,-0.9245479528401073,0,0,1,61.47822998046879,-6.011718750000007,0,1,0
2025-06-28,86.0,62.74462402343754,9.718340145008147,51.39227282706195,0.6239849904887996,0.7814363260334732,0,1,0,63.014558105468794,0.6895019531250028,0,0,1
2025-06-29,93.0,67.68852661132817,11.713456594216616,98.74489920354138,-0.15203539601911556,0.9883750494409046,0,0,1,66.76452148437504,5.27398681640625,1,0,0
2025-06-30,91.0,66.45921142578129,9.567689834725908,44.548580349637184,0.7126559009526039,0.7015137681025458,0,1,0,63.79211547851567,-1.639434814453125,0,0,1
2025-07-01,88.0,64.60642211914066,13.52104226997519,32.26681096076412,0.8455712192737136,0.533862635081315,0,1,0,57.241242675781294,-4.886334228515622,0,0,1
2025-07-02,91.0,68.82033813476566,8.365176784901136,64.51614717343924,0.4302567119197951,0.9027065757199104,0,1,0,62.08011596679692,3.746173095703128,0,0,1
2025-07-03,92.0,69.9662670898438,11.262368428539874,77.86859632732435,0.21015445192448629,0.9776681984887914,0,0,1,64.96424682617192,3.2130065917968764,0,0,1
2025-07-04,92.0,69.9322094726563,11.007621503708414,148.14192302830904,-0.8493581159565359,0.5278170050867665,1,0,0,65.51164062500004,1.9372192382812514,0,0,1
2025-07-05,94.0,82.5664868164063,13.06698687732985,223.48906880786427,-0.7255056857400862,-0.6882161724042869,1,0,0,66.57654541015629,1.5079284667968693,0,0,1
2025-07-06,88.0,78.29340942382817,12.145679956454037,258.0651712347916,-0.20679896000397033,-0.9783834576183698,0,0,1,64.94765747070316,-0.34315795898437784,0,0,1
2025-07-07,82.0,59.57611206054692,10.501916936812766,357.77953825365717,0.9992491434484922,-0.03874466824550769,0,1,0,58.97554443359379,-3.360552978515628,0,0,1
2025-07-08,85.0,70.94762084960942,4.276507278277076,234.83832843320687,-0.5758855521415589,-0.8175303241070705,1,0,0,62.770112304687544,3.6303222656250043,0,0,1
2025-07-09,84.0,74.13327148437504,16.238941097409587,29.202615894993304,0.8728998026489342,0.4878995127436097,0,1,0,60.42606933593754,-0.4694458007812514,0,0,1
2025-07-10,84.0,70.40198486328129,10.169665045230383,65.82772914147914,0.40948155180670265,0.9123183976715447,0,1,0,61.06349609375004,1.2312377929687486,0,0,1
2025-07-11,91.0,78.93034179687504,6.862213133211997,171.8405505288943,-0.9898769272479174,0.1419283935730311,1,0,0,66.7488110351563,6.686499023437506,1,0,0
2025-07-12,84.0,71.62619140625004,5.999408762954527,219.7389097090386,-0.7689655888209727,-0.6392901713691638,1,0,0,60.02089355468754,-4.751147460937496,0,0,1
2025-07-13,84.0,66.80335815429692,7.3465680816975585,74.93827440278662,0.2598595009965448,0.9656464361979631,0,0,1,59.46696289062504,0.254058837890625,0,0,1
2025-07-14,87.0,67.46715209960942,10.549013198169163,89.53444610885481,0.008125358835294666,0.9999669887270268,0,0,1,61.783704833984416,3.990893554687503,0,0,1
2025-07-15,92.0,74.03878906250004,13.430309904667213,96.8363842780836,-0.11903450275763897,0.9928901183682118,0,0,1,64.46991699218754,2.9540039062499943,0,0,1
2025-07-16,92.0,72.33167846679692,11.71879980597282,107.01691352050668,-0.292653989912403,0.9562184071582972,0,0,1,65.25813110351567,2.127667236328122,0,0,1
2025-07-17,75.0,65.96922119140629,11.515282279802033,18.59217406576577,0.9478119672845158,0.31882985222882737,0,1,0,56.87034423828129,-8.06940307617188,0,1,0
2025-07-18,81.0,60.41272094726567,9.336018332421654,11.427822295694403,0.9801750784929385,0.19813332758867683,0,1,0,59.83961914062504,4.207598876953121,0,0,1
2025-07-19,85.0,70.76409423828129,28.41463988163701,327.0757263233231,0.8393896703057064,-0.5435301108347885,0,1,0,62.872449951171916,1.3165466308593778,0,0,1
2025-07-20,79.0,71.01342895507817,12.313225296050804,25.27600224748465,0.9042614648350707,0.42697916016397347,0,1,0,62.03666503906254,-0.8544067382812486,0,0,1
2025-07-21,83.0,67.42364624023442,10.298609448213424,71.08171025196394,0.32421940757868073,0.9459819108996372,0,0,1,59.383961181640665,-0.6377014160156236,0,0,1
2025-07-22,88.0,72.85550659179691,15.639826356393003,110.18524012072025,-0.34505642377278745,0.9385819433662329,0,0,1,61.783540039062544,3.15032958984375,0,0,1
2025-07-23,94.0,77.45257080078129,11.139893121232294,130.9535593953655,-0.6554470901463703,0.7552410952925271,1,0,0,68.15775268554691,6.6766113281249915,1,0,0
2025-07-24,96.0,85.84118164062504,12.699939946500082,225.46377187014286,-0.7013601125212763,-0.7128071215722684,1,0,0,70.58595092773442,3.3217712402343693,0,0,1
2025-07-25,84.0,62.945179443359415,12.507481599733865,1.2618481414101645,0.9997574946242084,0.022021624434315223,0,1,0,63.02252319335942,-5.5809997558593665,0,1,0
2025-07-26,85.0,64.59911621093754,8.076111240888325,89.40947696605248,0.010306388782258537,0.9999468877646797,0,0,1,62.24419677734379,-0.41791992187500426,0,0,1
2025-07-27,90.0,70.15462768554691,6.779863949557217,103.27440299439088,-0.2296149446114659,0.9732815508428553,0,0,1,66.29348266601566,1.9237060546875,0,0,1
2025-07-28,93.0,67.79009521484379,7.842712437666363,95.69442117397159,-0.09922286182401806,0.9950652358973515,0,0,1,71.74506347656254,5.960412597656244,1,0,0
2025-07-29,93.0,70.24817626953129,5.015213601421176,20.85162516888021,0.9345053352355817,0.3559491233536516,0,1,0,68.46103027343754,2.351733398437503,0,0,1
2025-07-30,82.0,68.96370971679691,14.905487931219808,11.458899185640952,0.9800674679805592,0.1986649395494222,0,1,0,64.47667358398442,-3.160491943359375,0,0,1
2025-07-31,78.0,71.5080883789063,20.999836018291283,25.657250929960252,0.9014003287423681,0.4329866595440912,0,1,0,52.41956298828129,-10.493701171874996,0,1,0
2025-08-01,77.0,69.03918579101567,13.27749088397134,37.0796337196592,0.7977982939289964,0.602924441538061,0,1,0,48.191804199218794,-2.5470153808593707,0,0,1
2025-08-02,79.0,69.25715454101567,5.55392263705209,73.72888263635082,0.280182838215438,0.9599466532935784,0,0,1,51.42211425781254,2.3294860839843707,0,0,1
2025-08-03,80.0,72.12392700195316,6.8365480737751785,76.14783619575782,0.23941750851124802,0.9709167094134628,0,0,1,53.94007080078129,2.9246154785156264,0,0,1
2025-08-04,82.0,72.6561596679688,8.507862000588874,59.01129861441009,0.5148690332004534,0.857268848524913,0,1,0,56.20545166015629,1.899810791015625,0,0,1
2025-08-05,84.0,72.98635375976566,9.884681134242442,46.02613038564495,0.6943302352099036,0.7196565322939548,0,1,0,56.10437744140629,1.3436279296875,0,0,1
2025-08-06,89.0,74.02252929687504,10.52004282227259,93.43253549167517,-0.059873215920886326,0.9982059897712952,0,0,1,59.024323730468794,5.328039550781256,1,0,0
2025-08-07,91.0,77.05590942382817,8.701007171477276,111.46935966754133,-0.3660036105791535,0.9306134305086207,0,0,1,62.99049804687504,3.4393798828124957,0,0,1
2025-08-08,93.0,78.50000732421879,9.640112494075572,113.16008763872067,-0.3933015424389541,0.9194095369937924,1,0,0,67.0135815429688,4.719396972656256,0,0,1
2025-08-09,94.0,86.01377685546879,11.815519275465846,199.85121743952556,-0.9405775908599283,-0.33957885030156587,1,0,0,68.99968994140629,3.5562744140625,0,0,1
2025-08-10,92.0,80.52171142578129,11.229448960737212,201.05561683483054,-0.9332321200645025,-0.3592740041805334,1,0,0,64.27672241210942,-1.822906494140625,0,0,1
2025-08-11,89.0,69.19634521484379,9.572897531049128,66.35214292555472,0.40111429717170044,0.9160280130020331,0,1,0,63.86973388671879,-1.5582458496093778,0,0,1
2025-08-12,88.0,65.43731811523442,8.651622503864695,89.80956375279334,0.0033237334092076783,0.9999944763828571,0,0,1,66.20685546875004,3.130993652343747,0,0,1
2025-08-13,85.0,65.80997436523441,5.813559085283556,17.13543247627745,0.9556109935761508,0.29463134415130027,0,1,0,58.35371826171879,-5.430047607421876,0,1,0
2025-08-14,84.0,64.79588134765629,7.968442637548162,0.8554009500193771,0.9998885561442938,0.014929008395716667,0,1,0,58.128004150390666,-1.248321533203125,0,0,1
2025-08-15,92.0,73.10105102539066,10.683093924240266,93.16402168629256,-0.055194533101996256,0.9984756198904672,0,0,1,65.18617065429692,7.503057861328124,1,0,0
2025-08-16,96.0,74.24577148437504,12.060101138886385,89.14140433908169,0.014984760382405128,0.999887722174986,0,0,1,68.84401367187505,6.198486328125007,1,0,0
2025-08-17,84.0,68.97359741210941,12.109301080683688,347.3526578537828,0.9757361822180567,-0.21894954375501957,0,1,0,63.776295166015665,-7.177752685546871,0,1,0
2025-08-18,88.0,69.03237426757816,11.427548650725518,111.93038953165481,-0.37347985201127043,0.9276382916534006,0,0,1,66.84461181640629,1.0820434570312472,0,0,1
2025-08-19,80.0,73.21486938476566,16.592745352663854,0.11521459471558597,0.9999979781935108,0.002010872668938269,0,1,0,64.0589184570313,-2.2068237304687415,0,0,1
2025-08-20,77.0,72.43357666015629,17.073251806591003,6.774958751309186,0.9930171619887985,0.1179699792138334,0,1,0,54.31261718750004,-10.21343994140625,0,1,0
2025-08-21,78.0,68.04327514648442,9.982580198000536,21.32563998499798,0.9315285785919107,0.36366812792233294,0,1,0,58.13629882812504,3.184222412109378,0,0,1
2025-08-22,82.0,70.17473266601567,6.392338203489596,79.07841535079916,0.18946535618791585,0.9818874063784433,0,0,1,57.058869628906294,0.7665161132812557,0,0,1
2025-08-23,86.0,76.43968627929692,7.059752955235036,279.0674187427309,0.15759654864120354,-0.987503583718247,0,0,1,59.339466552734415,4.837115478515621,0,0,1
2025-08-24,75.0,69.81515014648441,15.776205541604908,299.68975563452653,0.4953033510166646,-0.8687200875262772,0,1,0,46.38356445312504,-13.270275878906254,0,1,0
2025-08-25,72.0,66.68915527343754,16.74725873325804,305.3719071567032,0.5788814352887718,-0.815411726600747,0,1,0,42.39091308593754,-5.254541015625001,0,1,0
2025-08-26,75.0,66.91267211914067,7.3280401096060235,15.190052568912403,0.9650620000137405,0.2620216329417841,0,1,0,43.79210937500004,1.6511352539062472,0,0,1
2024-12-26,49.0,35.90222290039067,9.658489765881123,139.92013139404776,-0.7651476724025045,0.6438548279053514,1,0,0,37.87904785156254,4.093176269531249,0,0,1
2024-12-27,54.0,36.02713745117192,11.70867826455633,116.63728996812023,-0.44834093780161605,0.8938626312197906,1,0,0,39.90657470703129,3.2336059570312514,0,0,1
2024-12-28,53.0,42.11548583984379,10.694882254049338,236.84549561626818,-0.546898619659745,-0.8371988412642875,1,0,0,34.93273437500004,-8.496496582031256,0,1,0
2024-12-29,49.0,36.76536376953129,14.920793869278508,352.9348629372696,0.9924069623472229,-0.12299764666349414,0,1,0,32.51673095703129,-7.196154785156246,0,1,0
2024-12-30,42.0,34.49536865234379,9.160424364740663,229.74157968066385,-0.6462361390616055,-0.7631375056768926,1,0,0,34.60913208007817,4.617388916015628,0,0,1
2024-12-31,43.0,34.88670166015629,25.833468100832395,6.631191207585688,0.9933100478542168,0.11547791490953371,0,1,0,24.85673339843754,-8.747204589843747,0,1,0
